"Retailer code","Product number","Order method code",Date,Quantity,"Unit price","Unit sale price"
1201,109110,4,2015-01-12,648,76.86,71.48
1201,112110,4,2015-01-12,799,10.64,10.21
1201,115110,4,2015-01-12,755,10.71,10.28
1205,70240,3,2015-01-12,70,122.70,114.11
1205,71110,3,2015-01-12,28,95.62,92.75
1215,73110,2,2015-01-12,3992,12.78,11.89
1215,83110,2,2015-01-12,156,96.44,89.69
1215,86110,2,2015-01-12,2615,6.00,5.58
1215,93110,2,2015-01-12,1913,5.00,4.65
1215,96110,2,2015-01-12,493,23.00,22.08
1209,87110,2,2015-01-12,1762,6.01,5.59
1215,73110,2,2015-01-12,3619,12.78,11.89
1215,83110,2,2015-01-12,137,96.44,89.69
1215,86110,2,2015-01-12,2548,6.00,5.58
1215,93110,2,2015-01-12,1695,5.00,4.65
1215,96110,2,2015-01-12,455,23.00,22.08
1216,3110,2,2015-01-13,698,23.80,21.42
1216,9110,2,2015-01-13,1154,13.22,12.56
1216,15110,2,2015-01-13,28,831.88,773.65
1216,21110,2,2015-01-13,251,40.65,39.02
1216,22110,2,2015-01-13,233,17.65,17.12
1216,25110,2,2015-01-13,170,285.89,265.88
1216,26110,2,2015-01-13,167,370.86,344.90
1216,32110,2,2015-01-13,377,27.37,26.55
1216,35110,2,2015-01-13,179,26.54,25.74
1216,64110,2,2015-01-13,91,41.61,40.36
1216,88110,2,2015-01-13,551,7.00,6.79
1216,89110,2,2015-01-13,1209,7.00,6.72
1216,97110,2,2015-01-13,274,35.00,33.60
1216,99110,2,2015-01-13,246,5.23,5.23
1216,110110,2,2015-01-13,152,98.75,91.84
1216,29110,2,2015-01-13,301,73.50,68.36
1216,31110,2,2015-01-13,486,16.29,15.80
1216,40110,2,2015-01-13,600,27.81,26.70
1210,105110,2,2015-01-13,59,1271.08,1182.10
1210,109110,2,2015-01-13,477,76.86,71.48
1210,111110,2,2015-01-13,174,180.63,167.99
1210,112110,2,2015-01-13,533,10.64,10.21
1210,115110,2,2015-01-13,504,10.71,10.28
1405,70240,6,2015-01-12,103,122.70,114.11
1405,71110,6,2015-01-12,41,95.62,91.80
1218,3110,2,2015-01-12,1171,23.80,21.42
1218,15110,2,2015-01-12,41,831.88,773.65
1218,21110,2,2015-01-12,375,40.65,38.62
1218,22110,2,2015-01-12,347,17.65,16.94
1218,25110,2,2015-01-12,257,285.89,265.88
1218,26110,2,2015-01-12,253,370.86,344.90
1218,32110,2,2015-01-12,566,27.37,26.00
1218,88110,2,2015-01-12,835,7.00,6.65
1218,89110,2,2015-01-12,1831,7.00,6.51
1218,97110,2,2015-01-12,441,35.00,33.25
1218,103110,2,2015-01-12,89,532.75,495.46
1218,110110,2,2015-01-12,244,98.75,91.84
1218,114110,2,2015-01-12,95,219.30,203.95
1204,34110,3,2015-01-12,172,51.24,49.19
1204,67110,3,2015-01-12,36,294.38,273.77
1204,90110,3,2015-01-12,6121,7.00,6.51
1218,3110,2,2015-01-13,1064,23.80,21.42
1218,15110,2,2015-01-13,40,831.88,773.65
1218,21110,2,2015-01-13,357,40.65,38.62
1218,22110,2,2015-01-13,331,17.65,16.94
1218,25110,2,2015-01-13,236,285.89,265.88
1218,26110,2,2015-01-13,231,370.86,344.90
1218,32110,2,2015-01-13,550,27.37,26.00
1218,88110,2,2015-01-13,814,7.00,6.65
1218,89110,2,2015-01-13,1784,7.00,6.51
1218,97110,2,2015-01-13,407,35.00,33.25
1218,103110,2,2015-01-13,81,532.75,495.46
1218,110110,2,2015-01-13,208,98.75,91.84
1218,114110,2,2015-01-13,91,219.30,203.95
1209,87110,2,2015-01-12,1864,6.01,5.59
1211,70240,2,2015-01-15,102,122.70,114.11
1201,3110,4,2015-01-12,1033,23.80,21.42
1201,9110,4,2015-01-12,1716,13.22,12.43
1201,15110,4,2015-01-12,39,831.88,773.65
1201,21110,4,2015-01-12,359,40.65,39.02
1201,22110,4,2015-01-12,333,17.65,17.12
1201,25110,4,2015-01-12,235,285.89,265.88
1201,26110,4,2015-01-12,231,370.86,344.90
1201,32110,4,2015-01-12,524,27.37,26.28
1201,39110,4,2015-01-12,126,67.73,62.99
1201,64110,4,2015-01-12,128,41.61,39.95
1201,88110,4,2015-01-12,789,7.00,6.79
1201,89110,4,2015-01-12,1730,7.00,6.65
1201,97110,4,2015-01-12,416,35.00,33.60
1201,103110,4,2015-01-12,84,532.75,495.46
1201,104110,4,2015-01-12,67,889.02,826.79
1201,108110,4,2015-01-12,34,910.82,847.06
1201,110110,4,2015-01-12,206,98.75,91.84
1201,114110,4,2015-01-12,88,219.30,203.95
1211,69110,2,2015-02-13,95,110.00,102.30
1201,106110,4,2015-02-09,44,1161.46,1080.16
1201,107110,4,2015-02-09,42,1359.72,1264.54
1201,111110,4,2015-02-09,233,180.63,167.99
1201,112110,4,2015-02-09,695,10.64,10.21
1201,114110,4,2015-02-09,88,219.30,203.95
1405,69110,6,2015-02-09,91,110.00,102.30
1405,71110,6,2015-02-09,45,95.62,91.80
1405,72110,6,2015-02-09,30,148.30,140.89
1218,3110,2,2015-02-17,1491,23.80,21.42
1218,15110,2,2015-02-17,41,831.88,773.65
1218,21110,2,2015-02-17,330,40.65,38.62
1218,22110,2,2015-02-17,341,17.65,16.94
1218,25110,2,2015-02-17,252,285.89,265.88
1218,29110,2,2015-02-17,248,73.50,68.36
1218,32110,2,2015-02-17,556,27.37,26.00
1218,40110,2,2015-02-17,882,27.81,26.14
1218,88110,2,2015-02-17,901,7.00,6.65
1218,89110,2,2015-02-17,1821,7.00,6.51
1218,95110,2,2015-02-17,1645,6.00,5.58
1218,97110,2,2015-02-17,401,35.00,33.25
1218,103110,2,2015-02-17,70,532.75,495.46
1218,110110,2,2015-02-17,206,98.75,91.84
1215,7110,2,2015-02-18,867,66.77,60.09
1215,11110,2,2015-02-18,391,370.13,344.22
1215,38110,2,2015-02-18,311,31.55,30.29
1201,3110,4,2015-02-09,1380,23.80,21.42
1201,9110,4,2015-02-09,1830,13.22,12.43
1201,15110,4,2015-02-09,39,831.88,773.65
1201,21110,4,2015-02-09,317,40.65,39.02
1201,22110,4,2015-02-09,327,17.65,17.12
1201,23110,4,2015-02-09,312,104.48,97.17
1201,25110,4,2015-02-09,240,285.89,265.88
1201,29110,4,2015-02-09,236,73.50,68.36
1201,31110,4,2015-02-09,731,16.29,15.64
1201,32110,4,2015-02-09,506,27.37,26.28
1201,39110,4,2015-02-09,100,67.73,62.99
1201,40110,4,2015-02-09,802,27.81,26.70
1201,88110,4,2015-02-09,833,7.00,6.79
1201,89110,4,2015-02-09,1684,7.00,6.65
1201,97110,4,2015-02-09,391,35.00,33.60
1201,101110,4,2015-02-09,88,630.25,586.13
1201,103110,4,2015-02-09,69,532.75,495.46
1201,108110,4,2015-02-09,53,910.82,847.06
1201,109110,4,2015-02-09,571,76.86,71.48
1201,110110,4,2015-02-09,195,98.75,91.84
1201,113110,4,2015-02-09,874,12.81,12.30
1201,115110,4,2015-02-09,508,10.71,10.28
1216,3110,2,2015-02-17,1003,23.80,21.42
1216,9110,2,2015-02-17,1327,13.22,12.56
1216,15110,2,2015-02-17,30,831.88,773.65
1216,21110,2,2015-02-17,239,40.65,39.02
1216,22110,2,2015-02-17,247,17.65,17.12
1216,25110,2,2015-02-17,187,285.89,265.88
1216,29110,2,2015-02-17,184,73.50,68.36
1216,31110,2,2015-02-17,566,16.29,15.64
1216,32110,2,2015-02-17,392,27.37,26.55
1216,35110,2,2015-02-17,197,26.54,25.74
1216,40110,2,2015-02-17,621,27.81,26.70
1216,88110,2,2015-02-17,628,7.00,6.79
1216,89110,2,2015-02-17,1269,7.00,6.72
1216,93110,2,2015-02-17,1237,5.00,4.80
1216,95110,2,2015-02-17,1235,6.00,5.76
1216,97110,2,2015-02-17,278,35.00,33.60
1216,110110,2,2015-02-17,154,98.75,91.84
1215,7110,2,2015-02-09,847,66.77,60.09
1215,11110,2,2015-02-09,415,370.13,344.22
1215,38110,2,2015-02-09,328,31.55,30.29
1204,19110,3,2015-02-09,261,265.14,246.58
1204,27110,3,2015-02-09,126,460.52,428.28
1204,34110,3,2015-02-09,188,51.24,49.19
1204,75110,3,2015-02-09,313,119.69,111.31
1210,102110,2,2015-02-18,68,928.53,863.53
1210,104110,2,2015-02-18,55,889.02,826.79
1210,106110,2,2015-02-18,34,1161.46,1080.16
1210,111110,2,2015-02-18,185,180.63,167.99
1210,112110,2,2015-02-18,501,10.64,10.21
1210,114110,2,2015-02-18,63,219.30,203.95
1205,69110,3,2015-02-17,67,110.00,102.30
1205,71110,3,2015-02-17,33,95.62,92.75
1205,72110,3,2015-02-17,22,148.30,142.37
1218,15110,2,2015-02-09,39,831.88,773.65
1218,21110,2,2015-02-09,320,40.65,38.62
1218,22110,2,2015-02-09,331,17.65,16.94
1218,25110,2,2015-02-09,254,285.89,265.88
1218,29110,2,2015-02-09,250,73.50,68.36
1218,32110,2,2015-02-09,528,27.37,26.00
1218,40110,2,2015-02-09,838,27.81,26.14
1218,88110,2,2015-02-09,853,7.00,6.65
1218,89110,2,2015-02-09,1725,7.00,6.51
1218,95110,2,2015-02-09,1714,6.00,5.58
1218,97110,2,2015-02-09,402,35.00,33.25
1213,113110,2,2015-02-09,919,12.81,12.30
1215,6110,2,2015-03-08,347,129.72,120.64
1215,11110,2,2015-03-08,402,370.13,344.22
1215,13110,2,2015-03-08,205,582.42,541.65
1215,31110,2,2015-03-08,680,16.29,15.48
1215,74110,2,2015-03-08,692,16.64,15.64
1215,83110,2,2015-03-08,120,96.44,89.69
1215,86110,2,2015-03-08,2500,6.00,5.58
1215,92110,2,2015-03-08,1082,5.00,4.70
1215,93110,2,2015-03-08,1392,5.00,4.65
1216,99110,2,2015-03-17,217,5.23,5.23
1218,32110,2,2015-03-19,945,27.37,16.42
1218,88110,2,2015-03-19,815,7.00,6.65
1218,95110,2,2015-03-19,1827,6.00,5.70
1218,97110,2,2015-03-19,374,35.00,33.60
1218,114110,2,2015-03-19,74,219.30,203.95
1215,6110,2,2015-03-08,405,129.72,120.64
1215,11110,2,2015-03-08,434,370.13,344.22
1215,13110,2,2015-03-08,221,582.42,541.65
1215,31110,2,2015-03-08,740,16.29,15.48
1215,74110,2,2015-03-08,809,16.64,15.64
1215,83110,2,2015-03-08,144,96.44,89.69
1215,86110,2,2015-03-08,2718,6.00,5.58
1215,92110,2,2015-03-08,1294,5.00,4.70
1215,93110,2,2015-03-08,1665,5.00,4.65
1218,88110,2,2015-03-08,749,7.00,6.65
1201,29110,5,2015-03-08,466,73.50,68.36
1201,32110,5,2015-03-08,820,27.37,16.42
1201,40110,5,2015-03-08,706,27.81,26.70
1201,103110,5,2015-03-08,64,532.75,495.46
1201,106110,5,2015-03-08,46,1161.46,1080.16
1201,109110,5,2015-03-08,521,76.86,71.48
1201,112110,5,2015-03-08,38,10.64,0.00
1201,113110,5,2015-03-08,38,12.81,0.00
1201,114110,5,2015-03-08,97,219.30,189.70
1218,114110,2,2015-03-08,49,219.30,175.44
1218,32110,2,2015-03-19,875,27.37,16.42
1218,114110,2,2015-03-19,31,219.30,175.44
1216,64110,2,2015-03-19,77,41.61,40.36
1216,89110,2,2015-03-19,1049,7.00,6.72
1201,3110,5,2015-03-08,660,23.80,22.85
1201,39110,5,2015-03-08,95,67.73,62.99
1201,112110,5,2015-03-08,39,10.64,0.00
1201,113110,5,2015-03-08,39,12.81,0.00
1201,114110,5,2015-03-08,39,219.30,175.44
1201,102110,4,2015-03-08,93,928.53,863.53
1201,105110,4,2015-03-08,61,1271.08,1182.10
1201,107110,4,2015-03-08,37,1359.72,1264.54
1201,108110,4,2015-03-08,48,910.82,847.06
1201,112110,4,2015-03-08,707,10.64,10.21
1213,70240,2,2015-03-08,109,122.70,114.11
1405,68110,6,2015-03-08,97,61.84,57.51
1405,69110,6,2015-03-08,80,110.00,102.30
1405,70240,6,2015-03-08,91,122.70,114.11
1405,71110,6,2015-03-08,43,95.62,91.80
1205,68110,3,2015-03-19,70,61.84,58.13
1205,69110,3,2015-03-19,58,110.00,102.30
1205,70240,3,2015-03-19,66,122.70,114.11
1205,71110,3,2015-03-19,31,95.62,92.75
1210,102110,2,2015-03-09,68,928.53,863.53
1210,105110,2,2015-03-09,47,1271.08,1182.10
1210,107110,2,2015-03-09,28,1359.72,1264.54
1210,108110,2,2015-03-09,37,910.82,847.06
1210,112110,2,2015-03-09,533,10.64,5.11
1210,113110,2,2015-03-09,27,12.81,0.00
1210,114110,2,2015-03-09,27,219.30,175.44
1211,68110,2,2015-03-11,97,61.84,57.51
1211,69110,2,2015-03-11,80,110.00,102.30
1211,70240,2,2015-03-11,92,122.70,114.11
1211,69110,2,2015-04-16,75,110.00,102.30
1211,70240,2,2015-04-16,76,122.70,114.11
1209,76110,2,2015-04-13,253,40.52,38.90
1201,3110,5,2015-04-13,662,23.80,22.85
1201,15110,5,2015-04-13,32,831.88,773.65
1201,21110,5,2015-04-13,267,40.65,39.02
1201,22110,5,2015-04-13,269,17.65,17.12
1201,26110,5,2015-04-13,172,370.86,344.90
1201,29110,5,2015-04-13,375,73.50,68.36
1201,31110,5,2015-04-13,628,16.29,15.64
1201,32110,5,2015-04-13,774,27.37,16.42
1201,37110,5,2015-04-13,42,52.15,52.15
1201,64110,5,2015-04-13,109,41.61,39.95
1201,88110,5,2015-04-13,672,7.00,6.79
1201,89110,5,2015-04-13,1429,7.00,6.72
1201,97110,5,2015-04-13,341,35.00,33.60
1201,107110,5,2015-04-13,38,1359.72,1264.54
1201,109110,5,2015-04-13,563,76.86,71.48
1201,110110,5,2015-04-13,177,98.75,91.84
1201,111110,5,2015-04-13,186,180.63,167.99
1201,112110,5,2015-04-13,124,10.64,0.00
1201,113110,5,2015-04-13,124,12.81,0.00
1201,114110,5,2015-04-13,167,219.30,189.70
1218,3110,2,2015-04-15,695,23.80,22.61
1218,15110,2,2015-04-15,34,831.88,773.65
1218,21110,2,2015-04-15,271,40.65,38.62
1218,22110,2,2015-04-15,273,17.65,16.94
1218,26110,2,2015-04-15,176,370.86,344.90
1218,29110,2,2015-04-15,384,73.50,68.36
1218,32110,2,2015-04-15,832,27.37,16.42
1218,37110,2,2015-04-15,45,52.15,50.59
1218,88110,2,2015-04-15,708,7.00,6.72
1218,89110,2,2015-04-15,1506,7.00,6.51
1218,95110,2,2015-04-15,1499,6.00,5.58
1218,97110,2,2015-04-15,341,35.00,33.25
1218,110110,2,2015-04-15,183,98.75,91.84
1218,114110,2,2015-04-15,176,219.30,189.70
1204,39110,3,2015-04-13,107,67.73,62.99
1204,80110,3,2015-04-13,84,182.67,169.88
1201,105110,4,2015-04-13,67,1271.08,1182.10
1209,76110,2,2015-04-13,234,40.52,38.90
1215,6110,2,2015-04-13,396,129.72,120.64
1215,8110,2,2015-04-13,189,151.77,141.15
1215,11110,2,2015-04-13,403,370.13,344.22
1215,92110,2,2015-04-13,1226,5.00,4.70
1215,96110,2,2015-04-13,362,23.00,22.08
1216,3110,2,2015-04-16,437,23.80,23.09
1216,15110,2,2015-04-16,23,831.88,781.97
1216,21110,2,2015-04-16,183,40.65,39.02
1216,22110,2,2015-04-16,184,17.65,17.12
1216,26110,2,2015-04-16,122,370.86,344.90
1216,29110,2,2015-04-16,267,73.50,68.36
1216,31110,2,2015-04-16,443,16.29,15.80
1216,32110,2,2015-04-16,546,27.37,16.42
1216,35110,2,2015-04-16,191,26.54,23.89
1216,37110,2,2015-04-16,29,52.15,52.15
1216,64110,2,2015-04-16,77,41.61,40.36
1216,88110,2,2015-04-16,461,7.00,7.00
1216,89110,2,2015-04-16,981,7.00,6.79
1216,93110,2,2015-04-16,1067,5.00,4.80
1216,95110,2,2015-04-16,1052,6.00,5.76
1216,97110,2,2015-04-16,221,35.00,33.60
1216,99110,2,2015-04-16,195,5.23,5.23
1216,110110,2,2015-04-16,128,98.75,91.84
1216,9110,2,2015-04-20,975,13.22,12.69
1216,40110,2,2015-04-20,458,27.81,26.98
1205,69110,3,2015-04-15,49,110.00,102.30
1205,70240,3,2015-04-15,50,122.70,114.11
1405,69110,6,2015-04-13,74,110.00,102.30
1405,70240,6,2015-04-13,75,122.70,114.11
1215,6110,2,2015-04-21,398,129.72,120.64
1215,8110,2,2015-04-21,190,151.77,141.15
1215,11110,2,2015-04-21,375,370.13,344.22
1215,92110,2,2015-04-21,1264,5.00,4.70
1215,96110,2,2015-04-21,358,23.00,22.08
1218,3110,2,2015-04-13,699,23.80,22.61
1218,15110,2,2015-04-13,31,831.88,773.65
1218,21110,2,2015-04-13,260,40.65,38.62
1218,22110,2,2015-04-13,262,17.65,16.94
1218,26110,2,2015-04-13,176,370.86,344.90
1218,29110,2,2015-04-13,383,73.50,68.36
1218,32110,2,2015-04-13,783,27.37,16.42
1218,37110,2,2015-04-13,42,52.15,50.59
1218,88110,2,2015-04-13,663,7.00,6.72
1218,89110,2,2015-04-13,1411,7.00,6.51
1218,95110,2,2015-04-13,1545,6.00,5.58
1218,97110,2,2015-04-13,338,35.00,33.25
1218,110110,2,2015-04-13,196,98.75,91.84
1218,114110,2,2015-04-13,169,219.30,189.70
1210,104110,2,2015-04-21,39,889.02,826.79
1210,105110,2,2015-04-21,47,1271.08,1182.10
1210,106110,2,2015-04-21,32,1161.46,1080.16
1210,112110,2,2015-04-21,440,10.64,10.32
1213,9110,2,2015-04-21,1560,13.22,12.43
1213,40110,2,2015-04-21,654,27.81,26.70
1201,101110,5,2015-05-11,76,630.25,586.13
1201,107110,5,2015-05-11,40,1359.72,1264.54
1213,9110,2,2015-05-11,1586,13.22,12.43
1210,101110,2,2015-05-20,50,630.25,586.13
1210,107110,2,2015-05-20,28,1359.72,1264.54
1210,111110,2,2015-05-20,148,180.63,167.99
1210,112110,2,2015-05-20,491,10.64,10.32
1210,115110,2,2015-05-20,441,10.71,10.39
1215,8110,2,2015-05-20,194,151.77,141.15
1215,11110,2,2015-05-20,350,370.13,344.22
1215,23110,2,2015-05-20,172,104.48,97.17
1215,30110,2,2015-05-20,483,14.77,14.18
1215,36110,2,2015-05-20,712,34.90,27.92
1215,74110,2,2015-05-20,615,16.64,15.81
1215,98110,2,2015-05-20,226,6.00,6.00
1204,5110,3,2015-05-11,669,54.93,52.18
1204,19110,3,2015-05-11,243,265.14,246.58
1204,24110,3,2015-05-11,354,76.86,71.48
1204,34110,3,2015-05-11,146,51.24,49.19
1201,3110,5,2015-05-11,741,23.80,22.85
1201,9110,5,2015-05-11,1497,13.22,12.56
1201,15110,5,2015-05-11,33,831.88,773.65
1201,21110,5,2015-05-11,305,40.65,39.02
1201,22110,5,2015-05-11,306,17.65,17.12
1201,25110,5,2015-05-11,244,285.89,265.88
1201,29110,5,2015-05-11,352,73.50,68.36
1201,31110,5,2015-05-11,623,16.29,15.64
1201,39110,5,2015-05-11,113,67.73,62.99
1201,40110,5,2015-05-11,826,27.81,26.70
1201,64110,5,2015-05-11,105,41.61,39.95
1201,88110,5,2015-05-11,723,7.00,6.79
1201,97110,5,2015-05-11,351,35.00,33.60
1201,103110,5,2015-05-11,68,532.75,495.46
1201,104110,5,2015-05-11,68,889.02,826.79
1201,110110,5,2015-05-11,183,98.75,91.84
1201,113110,5,2015-05-11,811,12.81,12.30
1205,68110,3,2015-05-17,56,61.84,58.75
1205,69110,3,2015-05-17,51,110.00,102.30
1205,72110,3,2015-05-17,21,148.30,142.37
1213,15110,2,2015-05-21,33,831.88,773.65
1213,35110,2,2015-05-21,265,26.54,25.74
1213,63110,2,2015-05-21,157,48.88,46.92
1213,64110,2,2015-05-21,111,41.61,39.95
1213,69110,2,2015-05-21,82,110.00,102.30
1213,89110,2,2015-05-21,1397,7.00,6.72
1213,113110,2,2015-05-21,825,12.81,12.30
1209,87110,2,2015-05-11,1525,6.01,5.59
1218,21110,2,2015-05-11,298,40.65,38.62
1218,25110,2,2015-05-11,249,285.89,265.88
1218,29110,2,2015-05-11,360,73.50,68.36
1218,40110,2,2015-05-11,835,27.81,26.14
1218,88110,2,2015-05-11,716,7.00,6.72
1218,97110,2,2015-05-11,348,35.00,33.25
1218,103110,2,2015-05-11,67,532.75,495.46
1218,110110,2,2015-05-11,203,98.75,91.84
1209,87110,5,2015-05-20,1455,6.01,5.59
1211,68110,2,2015-05-11,78,61.84,57.51
1211,69110,2,2015-05-11,72,110.00,102.30
1218,3110,2,2015-05-21,705,23.80,22.85
1218,15110,2,2015-05-21,32,831.88,773.65
1218,21110,2,2015-05-21,280,40.65,38.62
1218,22110,2,2015-05-21,282,17.65,17.12
1218,25110,2,2015-05-21,226,285.89,265.88
1218,29110,2,2015-05-21,326,73.50,68.36
1218,40110,2,2015-05-21,803,27.81,26.14
1218,88110,2,2015-05-21,689,7.00,6.72
1218,95110,2,2015-05-21,1636,6.00,5.70
1218,97110,2,2015-05-21,317,35.00,33.25
1218,103110,2,2015-05-21,61,532.75,495.46
1218,110110,2,2015-05-21,171,98.75,91.84
1215,8110,2,2015-05-12,174,151.77,141.15
1215,11110,2,2015-05-12,339,370.13,344.22
1215,23110,2,2015-05-12,162,104.48,97.17
1215,30110,2,2015-05-12,464,14.77,14.18
1215,36110,2,2015-05-12,686,34.90,27.92
1215,74110,2,2015-05-12,551,16.64,15.81
1215,98110,2,2015-05-12,206,6.00,6.00
1216,3110,2,2015-05-21,482,23.80,23.09
1216,9110,2,2015-05-21,974,13.22,12.69
1216,15110,2,2015-05-21,23,831.88,781.97
1216,21110,2,2015-05-21,206,40.65,39.02
1216,22110,2,2015-05-21,207,17.65,17.12
1216,25110,2,2015-05-21,171,285.89,265.88
1216,29110,2,2015-05-21,246,73.50,68.36
1216,31110,2,2015-05-21,433,16.29,15.80
1216,40110,2,2015-05-21,574,27.81,26.70
1216,64110,2,2015-05-21,73,41.61,40.36
1216,88110,2,2015-05-21,489,7.00,7.00
1216,93110,2,2015-05-21,1109,5.00,4.80
1216,95110,2,2015-05-21,1250,6.00,5.76
1216,97110,2,2015-05-21,224,35.00,33.60
1216,110110,2,2015-05-21,130,98.75,91.84
1216,35110,2,2015-05-12,182,26.54,25.74
1216,89110,2,2015-05-12,953,7.00,6.79
1405,68110,6,2015-05-11,86,61.84,57.51
1405,69110,6,2015-05-11,78,110.00,102.30
1405,72110,6,2015-05-11,32,148.30,139.40
1405,68110,6,2015-06-08,74,61.84,57.51
1405,70240,6,2015-06-08,97,122.70,114.11
1405,71110,6,2015-06-08,40,95.62,92.75
1213,70240,2,2015-06-08,125,122.70,114.11
1211,68110,2,2015-06-10,82,61.84,57.51
1211,70240,2,2015-06-10,107,122.70,114.11
1209,87110,2,2015-06-08,1947,6.01,5.59
1218,3110,2,2015-06-09,775,23.80,22.37
1218,15110,2,2015-06-09,40,831.88,773.65
1218,21110,2,2015-06-09,368,40.65,38.62
1218,25110,2,2015-06-09,250,285.89,265.88
1218,29110,2,2015-06-09,486,73.50,68.36
1218,32110,2,2015-06-09,524,27.37,26.00
1218,37110,2,2015-06-09,52,52.15,50.06
1218,40110,2,2015-06-09,1248,27.81,22.25
1218,88110,2,2015-06-09,829,7.00,6.65
1218,89110,2,2015-06-09,1924,7.00,6.51
1218,97110,2,2015-06-09,393,35.00,33.25
1218,114110,2,2015-06-09,98,219.30,203.95
1215,30110,2,2015-06-09,549,14.77,13.88
1215,38110,2,2015-06-09,567,31.55,25.24
1215,73110,2,2015-06-09,3765,12.78,12.78
1215,86110,2,2015-06-09,2877,6.00,5.58
1215,92110,2,2015-06-09,1286,5.00,4.65
1215,96110,2,2015-06-09,379,23.00,21.85
1215,98110,2,2015-06-09,286,6.00,5.82
1204,5110,3,2015-06-09,776,54.93,52.18
1204,20110,3,2015-06-09,332,127.27,118.36
1204,67110,3,2015-06-09,41,294.38,273.77
1204,90110,3,2015-06-09,5855,7.00,6.51
1201,104110,5,2015-06-08,65,889.02,826.79
1201,109110,5,2015-06-08,638,76.86,71.48
1201,111110,5,2015-06-08,191,180.63,167.99
1201,3110,5,2015-06-09,676,23.80,22.85
1201,15110,5,2015-06-09,35,831.88,773.65
1201,21110,5,2015-06-09,332,40.65,39.02
1201,23110,5,2015-06-09,263,104.48,97.17
1201,25110,5,2015-06-09,224,285.89,265.88
1201,29110,5,2015-06-09,435,73.50,68.36
1201,32110,5,2015-06-09,448,27.37,26.55
1201,37110,5,2015-06-09,45,52.15,52.15
1201,40110,5,2015-06-09,1076,27.81,22.25
1201,88110,5,2015-06-09,721,7.00,6.79
1201,89110,5,2015-06-09,1673,7.00,6.65
1201,97110,5,2015-06-09,360,35.00,33.60
1201,101110,5,2015-06-09,89,630.25,586.13
1201,106110,5,2015-06-09,50,1161.46,1080.16
1201,108110,5,2015-06-09,42,910.82,847.06
1201,114110,5,2015-06-09,86,219.30,203.95
1209,87110,2,2015-06-08,1584,6.01,5.59
1218,3110,2,2015-06-08,889,23.80,22.37
1218,15110,2,2015-06-08,42,831.88,773.65
1218,21110,2,2015-06-08,402,40.65,38.62
1218,25110,2,2015-06-08,284,285.89,265.88
1218,29110,2,2015-06-08,552,73.50,68.36
1218,32110,2,2015-06-08,562,27.37,26.00
1218,37110,2,2015-06-08,56,52.15,50.06
1218,40110,2,2015-06-08,1330,27.81,22.25
1218,88110,2,2015-06-08,886,7.00,6.65
1218,89110,2,2015-06-08,2057,7.00,6.51
1218,97110,2,2015-06-08,444,35.00,33.25
1218,114110,2,2015-06-08,93,219.30,203.95
1213,26110,2,2015-06-14,244,370.86,344.90
1210,102110,2,2015-06-15,75,928.53,863.53
1210,104110,2,2015-06-15,53,889.02,826.79
1210,105110,2,2015-06-15,55,1271.08,1182.10
1210,109110,2,2015-06-15,558,76.86,71.48
1210,110110,2,2015-06-15,168,98.75,91.84
1210,111110,2,2015-06-15,167,180.63,167.99
1210,113110,2,2015-06-15,631,12.81,12.30
1216,3110,2,2015-06-10,540,23.80,22.85
1216,15110,2,2015-06-10,30,831.88,773.65
1216,21110,2,2015-06-10,276,40.65,39.02
1216,25110,2,2015-06-10,192,285.89,265.88
1216,29110,2,2015-06-10,374,73.50,68.36
1216,32110,2,2015-06-10,382,27.37,26.55
1216,37110,2,2015-06-10,38,52.15,52.15
1216,40110,2,2015-06-10,907,27.81,22.25
1216,88110,2,2015-06-10,598,7.00,6.79
1216,89110,2,2015-06-10,1389,7.00,6.72
1216,97110,2,2015-06-10,282,35.00,33.60
1216,26110,2,2015-06-15,165,370.86,344.90
1215,30110,2,2015-06-07,401,14.77,13.88
1215,38110,2,2015-06-07,413,31.55,25.24
1215,73110,2,2015-06-07,2804,12.78,12.78
1215,86110,2,2015-06-07,2078,6.00,5.58
1215,92110,2,2015-06-07,1001,5.00,4.65
1215,96110,2,2015-06-07,272,23.00,21.85
1215,98110,2,2015-06-07,205,6.00,5.82
1205,68110,3,2015-06-07,60,61.84,58.75
1205,70240,3,2015-06-07,78,122.70,114.11
1205,71110,3,2015-06-07,32,95.62,92.75
1215,30110,2,2015-06-15,588,14.77,13.88
1215,38110,2,2015-06-15,608,31.55,25.24
1215,73110,2,2015-06-15,4325,12.78,12.78
1215,86110,2,2015-06-15,3075,6.00,5.58
1215,92110,2,2015-06-15,1513,5.00,4.65
1215,96110,2,2015-06-15,429,23.00,21.85
1215,98110,2,2015-06-15,323,6.00,5.82
1218,25110,2,2015-07-21,321,285.89,265.88
1218,29110,2,2015-07-21,251,73.50,68.36
1218,88110,2,2015-07-21,999,7.00,6.79
1218,89110,2,2015-07-21,1841,7.00,6.65
1218,97110,2,2015-07-21,409,35.00,33.60
1215,6110,2,2015-07-13,282,129.72,120.64
1215,7110,2,2015-07-13,501,66.77,62.10
1215,12110,2,2015-07-13,110,650.89,605.33
1215,13110,2,2015-07-13,212,582.42,541.65
1215,31110,2,2015-07-13,637,16.29,15.48
1215,73110,2,2015-07-13,2813,12.78,12.78
1215,74110,2,2015-07-13,628,16.64,15.48
1215,81110,2,2015-07-13,55,85.56,79.57
1405,68110,6,2015-07-13,87,61.84,57.51
1405,70240,6,2015-07-13,98,122.70,114.11
1405,71110,6,2015-07-13,47,95.62,91.80
1405,72110,6,2015-07-13,33,148.30,139.40
1201,102110,5,2015-07-19,108,928.53,863.53
1201,103110,5,2015-07-19,81,532.75,495.46
1201,104110,5,2015-07-19,82,889.02,826.79
1201,105110,5,2015-07-19,86,1271.08,1182.10
1201,112110,5,2015-07-19,837,10.64,10.21
1201,23110,5,2015-07-13,309,104.48,97.17
1201,26110,5,2015-07-13,354,370.86,296.69
1201,31110,5,2015-07-13,123,16.29,0.00
1201,32110,5,2015-07-13,628,27.37,26.28
1201,89110,5,2015-07-13,1744,7.00,6.65
1201,97110,5,2015-07-13,386,35.00,33.60
1201,108110,5,2015-07-13,51,910.82,847.06
1201,114110,5,2015-07-13,88,219.30,203.95
1209,76110,2,2015-07-13,305,40.52,38.49
1215,7110,2,2015-07-14,806,66.77,62.10
1215,12110,2,2015-07-14,153,650.89,605.33
1215,13110,2,2015-07-14,294,582.42,541.65
1215,31110,2,2015-07-14,835,16.29,15.48
1215,73110,2,2015-07-14,4241,12.78,12.78
1215,74110,2,2015-07-14,947,16.64,15.48
1215,81110,2,2015-07-14,81,85.56,79.57
1215,93110,2,2015-07-14,2214,5.00,4.70
1215,95110,2,2015-07-14,1782,6.00,5.70
1216,3110,2,2015-07-14,552,23.80,22.85
1216,31110,2,2015-07-14,98,16.29,0.00
1216,64110,2,2015-07-14,97,41.61,40.36
1215,7110,2,2015-07-14,680,66.77,62.10
1215,12110,2,2015-07-14,139,650.89,605.33
1215,13110,2,2015-07-14,268,582.42,541.65
1215,73110,2,2015-07-14,3575,12.78,12.78
1215,74110,2,2015-07-14,798,16.64,15.48
1215,81110,2,2015-07-14,69,85.56,79.57
1210,102110,2,2015-07-22,77,928.53,863.53
1210,103110,2,2015-07-22,58,532.75,495.46
1210,104110,2,2015-07-22,59,889.02,826.79
1210,105110,2,2015-07-22,64,1271.08,1182.10
1210,112110,2,2015-07-22,584,10.64,10.21
1205,68110,3,2015-07-14,62,61.84,58.13
1205,71110,3,2015-07-14,33,95.62,92.75
1205,72110,3,2015-07-14,23,148.30,142.37
1213,63110,2,2015-07-14,188,48.88,46.92
1204,67110,3,2015-07-14,39,294.38,273.77
1209,76110,2,2015-07-21,297,40.52,38.49
1211,70240,2,2015-07-13,90,122.70,114.11
1216,9110,2,2015-08-19,2444,13.22,7.93
1216,21110,2,2015-08-19,395,40.65,28.46
1216,22110,2,2015-08-19,220,17.65,17.12
1216,25110,2,2015-08-19,177,285.89,265.88
1216,29110,2,2015-08-19,262,73.50,68.36
1216,31110,2,2015-08-19,490,16.29,15.80
1216,35110,2,2015-08-19,184,26.54,25.74
1216,37110,2,2015-08-19,35,52.15,52.15
1216,40110,2,2015-08-19,918,27.81,22.25
1216,64110,2,2015-08-19,95,41.61,40.36
1216,88110,2,2015-08-19,562,7.00,6.79
1216,89110,2,2015-08-19,1115,7.00,6.72
1216,93110,2,2015-08-19,1171,5.00,4.80
1216,95110,2,2015-08-19,1428,6.00,5.76
1216,97110,2,2015-08-19,270,35.00,33.60
1216,3110,2,2015-08-10,531,23.80,22.85
1216,32110,2,2015-08-10,353,27.37,26.55
1216,99110,2,2015-08-10,223,5.23,5.23
1215,6110,2,2015-08-13,255,129.72,120.64
1215,11110,2,2015-08-13,435,370.13,357.18
1215,30110,2,2015-08-13,385,14.77,13.88
1215,31110,2,2015-08-13,249,16.29,0.00
1215,74110,2,2015-08-13,562,16.64,15.48
1211,68110,2,2015-08-11,88,61.84,57.51
1211,69110,2,2015-08-11,96,110.00,102.30
1209,87110,5,2015-08-20,1860,6.01,5.59
1209,87110,2,2015-08-11,1844,6.01,5.59
1204,67110,3,2015-08-12,35,294.38,273.77
1201,103110,5,2015-08-11,69,532.75,495.46
1201,107110,5,2015-08-11,43,1359.72,1264.54
1201,9110,5,2015-08-12,3277,13.22,7.93
1201,21110,5,2015-08-12,514,40.65,28.46
1201,22110,5,2015-08-12,285,17.65,17.12
1201,25110,5,2015-08-12,222,285.89,265.88
1201,29110,5,2015-08-12,328,73.50,68.36
1201,31110,5,2015-08-12,618,16.29,15.64
1201,37110,5,2015-08-12,44,52.15,52.15
1201,39110,5,2015-08-12,100,67.73,62.99
1201,40110,5,2015-08-12,1157,27.81,22.25
1201,64110,5,2015-08-12,121,41.61,39.95
1201,88110,5,2015-08-12,729,7.00,6.79
1201,89110,5,2015-08-12,1447,7.00,6.72
1201,97110,5,2015-08-12,371,35.00,33.60
1201,101110,5,2015-08-12,89,630.25,586.13
1201,106110,5,2015-08-12,50,1161.46,1080.16
1201,109110,5,2015-08-12,641,76.86,71.48
1201,112110,5,2015-08-12,680,10.64,10.21
1201,113110,5,2015-08-12,833,12.81,12.30
1201,115110,5,2015-08-12,768,10.71,10.28
1210,103110,2,2015-08-16,52,532.75,495.46
1210,107110,2,2015-08-16,34,1359.72,1264.54
1210,108110,2,2015-08-16,25,910.82,856.17
1210,114110,2,2015-08-16,54,219.30,203.95
1218,21110,2,2015-08-10,571,40.65,28.46
1218,22110,2,2015-08-10,320,17.65,16.94
1218,25110,2,2015-08-10,250,285.89,265.88
1218,29110,2,2015-08-10,371,73.50,68.36
1218,37110,2,2015-08-10,52,52.15,50.59
1218,40110,2,2015-08-10,1369,27.81,22.25
1218,88110,2,2015-08-10,849,7.00,6.65
1218,89110,2,2015-08-10,1683,7.00,6.51
1218,95110,2,2015-08-10,2001,6.00,5.58
1218,97110,2,2015-08-10,410,35.00,33.25
1215,6110,2,2015-08-12,399,129.72,120.64
1215,11110,2,2015-08-12,632,370.13,357.18
1215,30110,2,2015-08-12,575,14.77,13.88
1215,31110,2,2015-08-12,361,16.29,0.00
1215,74110,2,2015-08-12,823,16.64,15.48
1405,68110,6,2015-08-11,79,61.84,57.51
1405,69110,6,2015-08-11,86,110.00,102.30
1405,71110,6,2015-08-11,37,95.62,92.75
1218,21110,2,2015-08-11,581,40.65,28.46
1218,22110,2,2015-08-11,324,17.65,16.94
1218,25110,2,2015-08-11,264,285.89,265.88
1218,29110,2,2015-08-11,391,73.50,68.36
1218,40110,2,2015-08-11,1363,27.81,22.25
1218,88110,2,2015-08-11,841,7.00,6.65
1218,89110,2,2015-08-11,1669,7.00,6.51
1218,95110,2,2015-08-11,2181,6.00,5.58
1218,97110,2,2015-08-11,429,35.00,33.25
1213,3110,2,2015-08-16,883,23.80,22.85
1213,32110,2,2015-08-16,524,27.37,26.28
1213,99110,2,2015-08-16,355,5.23,5.23
1215,6110,2,2015-08-16,425,129.72,120.64
1215,11110,2,2015-08-16,621,370.13,357.18
1215,30110,2,2015-08-16,571,14.77,13.88
1215,31110,2,2015-08-16,354,16.29,0.00
1215,74110,2,2015-08-16,876,16.64,15.48
1213,37110,2,2015-08-11,52,52.15,50.59
1213,68110,2,2015-08-11,96,61.84,57.51
1205,68110,3,2015-08-19,59,61.84,58.75
1205,69110,3,2015-08-19,64,110.00,102.30
1205,71110,3,2015-08-19,28,95.62,92.75
1215,8110,2,2015-09-09,212,151.77,141.15
1216,3110,2,2015-09-09,423,23.80,23.09
1216,9110,2,2015-09-09,1012,13.22,12.56
1216,15110,2,2015-09-09,25,831.88,781.97
1216,21110,2,2015-09-09,516,40.65,28.46
1216,22110,2,2015-09-09,347,17.65,12.36
1216,26110,2,2015-09-09,144,370.86,344.90
1216,29110,2,2015-09-09,154,73.50,68.36
1216,31110,2,2015-09-09,466,16.29,15.80
1216,32110,2,2015-09-09,339,27.37,26.55
1216,35110,2,2015-09-09,159,26.54,25.74
1216,37110,2,2015-09-09,32,52.15,52.15
1216,40110,2,2015-09-09,527,27.81,26.70
1216,95110,2,2015-09-09,977,6.00,5.82
1216,97110,2,2015-09-09,217,35.00,33.60
1216,110110,2,2015-09-09,143,98.75,91.84
1216,88110,2,2015-09-14,499,7.00,7.00
1205,69110,3,2015-09-16,53,110.00,102.30
1205,70240,3,2015-09-16,61,122.70,114.11
1205,71110,3,2015-09-16,29,95.62,92.75
1405,69110,6,2015-09-08,78,110.00,102.30
1405,70240,6,2015-09-08,90,122.70,114.11
1405,71110,6,2015-09-08,43,95.62,91.80
1218,3110,2,2015-09-09,666,23.80,22.61
1218,15110,2,2015-09-09,36,831.88,773.65
1218,21110,2,2015-09-09,762,40.65,28.46
1218,22110,2,2015-09-09,504,17.65,12.36
1218,26110,2,2015-09-09,205,370.86,344.90
1218,29110,2,2015-09-09,220,73.50,68.36
1218,32110,2,2015-09-09,510,27.37,26.28
1218,37110,2,2015-09-09,48,52.15,50.59
1218,40110,2,2015-09-09,791,27.81,26.14
1218,95110,2,2015-09-09,1375,6.00,5.58
1218,97110,2,2015-09-09,331,35.00,33.25
1218,103110,2,2015-09-09,65,532.75,495.46
1218,110110,2,2015-09-09,202,98.75,91.84
1218,114110,2,2015-09-09,91,219.30,203.95
1204,67110,3,2015-09-09,42,294.38,273.77
1204,80110,3,2015-09-09,78,182.67,169.88
1201,3110,5,2015-09-09,632,23.80,22.85
1201,9110,5,2015-09-09,1511,13.22,12.43
1201,15110,5,2015-09-09,35,831.88,773.65
1201,21110,5,2015-09-09,747,40.65,28.46
1201,22110,5,2015-09-09,495,17.65,12.36
1201,23110,5,2015-09-09,247,104.48,83.58
1201,26110,5,2015-09-09,200,370.86,344.90
1201,29110,5,2015-09-09,214,73.50,68.36
1201,31110,5,2015-09-09,652,16.29,15.64
1201,32110,5,2015-09-09,474,27.37,26.55
1201,37110,5,2015-09-09,44,52.15,52.15
1201,40110,5,2015-09-09,735,27.81,26.70
1201,97110,5,2015-09-09,330,35.00,33.60
1201,103110,5,2015-09-09,66,532.75,495.46
1201,109110,5,2015-09-09,608,76.86,71.48
1201,110110,5,2015-09-09,195,98.75,91.84
1201,111110,5,2015-09-09,192,180.63,167.99
1201,112110,5,2015-09-09,722,10.64,10.21
1201,114110,5,2015-09-09,86,219.30,203.95
1215,8110,2,2015-09-17,135,151.77,141.15
1215,8110,2,2015-09-15,217,151.77,141.15
1218,3110,2,2015-09-08,681,23.80,22.61
1218,15110,2,2015-09-08,34,831.88,773.65
1218,21110,2,2015-09-08,745,40.65,28.46
1218,22110,2,2015-09-08,495,17.65,12.36
1218,26110,2,2015-09-08,208,370.86,344.90
1218,29110,2,2015-09-08,223,73.50,68.36
1218,32110,2,2015-09-08,487,27.37,26.28
1218,37110,2,2015-09-08,45,52.15,50.59
1218,40110,2,2015-09-08,756,27.81,26.14
1218,95110,2,2015-09-08,1442,6.00,5.58
1218,97110,2,2015-09-08,333,35.00,33.25
1218,103110,2,2015-09-08,66,532.75,495.46
1218,110110,2,2015-09-08,220,98.75,91.84
1218,114110,2,2015-09-08,89,219.30,203.95
1213,88110,2,2015-09-16,722,7.00,6.79
1210,101110,2,2015-09-16,95,630.25,441.18
1210,104110,2,2015-09-16,50,889.02,826.79
1210,106110,2,2015-09-16,32,1161.46,1080.16
1210,107110,2,2015-09-16,29,1359.72,1264.54
1210,108110,2,2015-09-16,37,910.82,847.06
1210,113110,2,2015-09-16,516,12.81,12.30
1213,69110,2,2015-09-08,83,110.00,102.30
1213,113110,2,2015-09-08,802,12.81,12.30
1201,104110,5,2015-09-08,74,889.02,826.79
1201,106110,5,2015-09-08,44,1161.46,1080.16
1209,76110,2,2015-09-08,327,40.52,38.49
1209,76110,5,2015-09-13,319,40.52,38.49
1211,69110,2,2015-09-06,80,110.00,102.30
1211,70240,2,2015-09-06,91,122.70,114.11
1405,70240,6,2015-10-13,88,122.70,114.11
1405,72110,6,2015-10-13,28,148.30,140.89
1211,70240,2,2015-10-12,83,122.70,114.11
1209,76110,5,2015-10-20,280,40.52,38.49
1209,76110,2,2015-10-14,328,40.52,38.49
1215,6110,2,2015-10-15,329,129.72,120.64
1215,11110,2,2015-10-15,374,370.13,344.22
1215,23110,2,2015-10-15,191,104.48,97.17
1215,36110,2,2015-10-15,473,34.90,32.81
1215,38110,2,2015-10-15,232,31.55,30.29
1215,81110,2,2015-10-15,139,85.56,79.57
1215,92110,2,2015-10-15,1068,5.00,4.65
1215,96110,2,2015-10-15,336,23.00,22.08
1210,102110,2,2015-10-14,60,928.53,863.53
1210,103110,2,2015-10-14,48,532.75,495.46
1210,105110,2,2015-10-14,44,1271.08,1182.10
1210,108110,2,2015-10-14,26,910.82,847.06
1210,111110,2,2015-10-14,139,180.63,167.99
1210,114110,2,2015-10-14,50,219.30,203.95
1216,9110,2,2015-10-14,1009,13.22,12.56
1216,15110,2,2015-10-14,21,831.88,781.97
1216,32110,2,2015-10-14,321,27.37,26.55
1216,35110,2,2015-10-14,168,26.54,25.74
1216,37110,2,2015-10-14,32,52.15,52.15
1216,64110,2,2015-10-14,68,41.61,40.36
1216,89110,2,2015-10-14,997,7.00,6.79
1216,95110,2,2015-10-14,1069,6.00,5.76
1216,97110,2,2015-10-14,209,35.00,33.60
1216,99110,2,2015-10-14,186,5.23,5.23
1216,110110,2,2015-10-14,237,98.75,59.25
1201,102110,5,2015-10-22,88,928.53,863.53
1201,103110,5,2015-10-22,70,532.75,495.46
1201,105110,5,2015-10-22,61,1271.08,1182.10
1201,108110,5,2015-10-22,37,910.82,847.06
1201,111110,5,2015-10-22,191,180.63,167.99
1201,114110,5,2015-10-22,76,219.30,203.95
1218,15110,2,2015-10-15,31,831.88,773.65
1218,22110,2,2015-10-15,491,17.65,12.36
1218,29110,2,2015-10-15,466,73.50,68.36
1218,89110,2,2015-10-15,1535,7.00,6.65
1218,95110,2,2015-10-15,1680,6.00,5.58
1204,5110,3,2015-10-15,69,54.93,0.00
1201,9110,5,2015-10-14,1511,13.22,12.43
1201,37110,5,2015-10-14,45,52.15,52.15
1201,64110,5,2015-10-14,96,41.61,40.36
1201,89110,5,2015-10-14,1437,7.00,6.72
1201,101110,5,2015-10-14,168,630.25,441.18
1201,107110,5,2015-10-14,43,1359.72,1264.54
1201,110110,5,2015-10-14,322,98.75,59.25
1215,6110,2,2015-10-18,225,129.72,120.64
1215,11110,2,2015-10-18,274,370.13,344.22
1215,23110,2,2015-10-18,141,104.48,97.17
1215,36110,2,2015-10-18,338,34.90,32.81
1215,38110,2,2015-10-18,166,31.55,30.29
1215,81110,2,2015-10-18,102,85.56,79.57
1215,92110,2,2015-10-18,815,5.00,4.65
1215,96110,2,2015-10-18,237,23.00,22.08
1213,88110,2,2015-10-18,810,7.00,6.79
1215,6110,2,2015-10-14,384,129.72,120.64
1215,11110,2,2015-10-14,405,370.13,344.22
1215,23110,2,2015-10-14,214,104.48,97.17
1215,36110,2,2015-10-14,517,34.90,32.81
1215,38110,2,2015-10-14,253,31.55,30.29
1215,81110,2,2015-10-14,161,85.56,79.57
1215,92110,2,2015-10-14,1281,5.00,4.65
1215,96110,2,2015-10-14,388,23.00,22.08
1204,5110,3,2015-10-15,65,54.93,0.00
1205,70240,3,2015-10-18,59,122.70,114.11
1205,72110,3,2015-10-18,19,148.30,143.85
1218,15110,2,2015-10-18,29,831.88,773.65
1218,22110,2,2015-10-18,440,17.65,12.36
1218,29110,2,2015-10-18,402,73.50,68.36
1218,32110,2,2015-10-18,449,27.37,26.55
1218,37110,2,2015-10-18,45,52.15,52.15
1218,95110,2,2015-10-18,1401,6.00,5.58
1218,110110,2,2015-10-18,312,98.75,59.25
1405,69110,6,2015-11-11,80,110.00,102.30
1405,70240,6,2015-11-11,83,122.70,114.11
1204,75110,3,2015-11-12,267,119.69,111.31
1204,85110,3,2015-11-12,101,359.60,334.43
1204,90110,3,2015-11-12,5557,7.00,6.51
1215,13110,2,2015-11-16,177,582.42,541.65
1215,30110,2,2015-11-16,390,14.77,13.88
1215,74110,2,2015-11-16,466,16.64,15.64
1201,3110,5,2015-11-12,737,23.80,22.85
1201,15110,5,2015-11-12,34,831.88,773.65
1201,21110,5,2015-11-12,341,40.65,39.02
1201,22110,5,2015-11-12,280,17.65,17.12
1201,25110,5,2015-11-12,235,285.89,265.88
1201,26110,5,2015-11-12,186,370.86,344.90
1201,29110,5,2015-11-12,359,73.50,68.36
1201,31110,5,2015-11-12,674,16.29,15.64
1201,32110,5,2015-11-12,439,27.37,26.55
1201,37110,5,2015-11-12,49,52.15,52.15
1201,39110,5,2015-11-12,111,67.73,62.99
1201,40110,5,2015-11-12,715,27.81,26.70
1201,64110,5,2015-11-12,115,41.61,39.95
1201,89110,5,2015-11-12,1407,7.00,6.72
1201,97110,5,2015-11-12,402,35.00,31.50
1201,103110,5,2015-11-12,63,532.75,495.46
1201,108110,5,2015-11-12,42,910.82,847.06
1201,112110,5,2015-11-12,667,10.64,10.21
1201,113110,5,2015-11-12,874,12.81,12.30
1201,114110,5,2015-11-12,78,219.30,203.95
1213,3110,2,2015-11-11,899,23.80,22.85
1213,15110,2,2015-11-11,38,831.88,773.65
1213,21110,2,2015-11-11,383,40.65,39.02
1213,22110,2,2015-11-11,315,17.65,17.12
1213,25110,2,2015-11-11,277,285.89,265.88
1213,26110,2,2015-11-11,219,370.86,344.90
1213,29110,2,2015-11-11,423,73.50,68.36
1213,31110,2,2015-11-11,784,16.29,15.64
1213,32110,2,2015-11-11,511,27.37,26.28
1213,37110,2,2015-11-11,57,52.15,50.59
1213,39110,2,2015-11-11,129,67.73,62.99
1213,40110,2,2015-11-11,832,27.81,26.70
1213,64110,2,2015-11-11,139,41.61,39.95
1213,65110,2,2015-11-11,163,81.55,75.84
1213,69110,2,2015-11-11,96,110.00,102.30
1213,79110,2,2015-11-11,158,134.11,124.72
1213,89110,2,2015-11-11,1605,7.00,6.65
1213,97110,2,2015-11-11,456,35.00,31.50
1213,99110,2,2015-11-11,368,5.23,5.23
1213,113110,2,2015-11-11,818,12.81,12.30
1205,69110,3,2015-11-16,55,110.00,102.30
1205,70240,3,2015-11-16,58,122.70,114.11
1213,9110,2,2015-11-17,1866,13.22,12.43
1213,23110,2,2015-11-17,308,104.48,97.17
1213,28110,2,2015-11-17,749,33.59,32.25
1213,35110,2,2015-11-17,305,26.54,25.74
1213,88110,2,2015-11-17,853,7.00,6.79
1201,105110,5,2015-11-11,69,1271.08,1182.10
1201,110110,5,2015-11-11,437,98.75,59.25
1210,106110,2,2015-11-17,52,1161.46,813.02
1210,109110,2,2015-11-17,455,76.86,71.48
1210,110110,2,2015-11-17,326,98.75,59.25
1210,115110,2,2015-11-17,380,10.71,10.39
1211,69110,2,2015-11-19,81,110.00,102.30
1211,70240,2,2015-11-19,84,122.70,114.11
1216,3110,2,2015-11-15,508,23.80,22.85
1216,15110,2,2015-11-15,25,831.88,781.97
1216,21110,2,2015-11-15,244,40.65,39.02
1216,22110,2,2015-11-15,201,17.65,17.12
1216,25110,2,2015-11-15,174,285.89,265.88
1216,26110,2,2015-11-15,138,370.86,344.90
1216,29110,2,2015-11-15,267,73.50,68.36
1216,31110,2,2015-11-15,496,16.29,15.80
1216,32110,2,2015-11-15,323,27.37,26.55
1216,37110,2,2015-11-15,36,52.15,52.15
1216,40110,2,2015-11-15,526,27.81,26.70
1216,64110,2,2015-11-15,84,41.61,40.36
1216,89110,2,2015-11-15,1007,7.00,6.72
1216,93110,2,2015-11-15,1171,5.00,4.80
1216,97110,2,2015-11-15,272,35.00,31.50
1216,99110,2,2015-11-15,217,5.23,5.23
1216,9110,2,2015-11-08,1054,13.22,12.56
1216,35110,2,2015-11-08,193,26.54,25.74
1216,88110,2,2015-11-08,535,7.00,6.79
1218,3110,2,2015-11-15,775,23.80,22.85
1218,15110,2,2015-11-15,36,831.88,773.65
1218,21110,2,2015-11-15,346,40.65,39.02
1218,22110,2,2015-11-15,284,17.65,17.12
1218,25110,2,2015-11-15,240,285.89,265.88
1218,26110,2,2015-11-15,191,370.86,344.90
1218,29110,2,2015-11-15,368,73.50,68.36
1218,32110,2,2015-11-15,471,27.37,26.55
1218,37110,2,2015-11-15,52,52.15,50.59
1218,40110,2,2015-11-15,767,27.81,26.70
1218,89110,2,2015-11-15,1483,7.00,6.72
1218,97110,2,2015-11-15,402,35.00,31.50
1218,103110,2,2015-11-15,63,532.75,495.46
1218,114110,2,2015-11-15,82,219.30,203.95
1215,13110,2,2015-11-12,252,582.42,541.65
1215,30110,2,2015-11-12,569,14.77,13.88
1215,74110,2,2015-11-12,665,16.64,15.64
1215,13110,2,2015-11-08,270,582.42,541.65
1215,30110,2,2015-11-08,617,14.77,13.88
1215,74110,2,2015-11-08,773,16.64,15.64
1204,80110,3,2015-11-08,115,182.67,169.88
1204,37110,3,2015-12-06,53,52.15,50.59
1204,67110,3,2015-12-10,44,294.38,273.77
1204,90110,3,2015-12-10,6920,7.00,6.51
1216,3110,2,2015-12-13,587,23.80,22.85
1216,9110,2,2015-12-13,1250,13.22,12.56
1216,15110,2,2015-12-13,31,831.88,773.65
1216,21110,2,2015-12-13,304,40.65,39.02
1216,22110,2,2015-12-13,270,17.65,17.12
1216,26110,2,2015-12-13,176,370.86,344.90
1216,29110,2,2015-12-13,421,73.50,68.36
1216,31110,2,2015-12-13,582,16.29,15.64
1216,32110,2,2015-12-13,448,27.37,26.55
1216,40110,2,2015-12-13,769,27.81,26.70
1216,88110,2,2015-12-13,648,7.00,6.79
1216,89110,2,2015-12-13,1249,7.00,6.72
1216,110110,2,2015-12-13,172,98.75,91.84
1216,35110,2,2015-12-07,221,26.54,25.74
1216,99110,2,2015-12-07,250,5.23,5.23
1215,7110,2,2015-12-10,737,66.77,62.10
1215,12110,2,2015-12-10,154,650.89,605.33
1215,23110,2,2015-12-10,363,104.48,97.17
1215,92110,2,2015-12-10,1605,5.00,4.65
1215,95110,2,2015-12-10,1535,6.00,5.58
1213,113110,2,2015-12-09,881,12.81,12.30
1211,68110,2,2015-12-07,90,61.84,57.51
1211,69110,2,2015-12-07,109,110.00,102.30
1211,70240,2,2015-12-07,104,122.70,114.11
1209,87110,2,2015-12-09,1529,6.01,5.59
1215,7110,2,2015-12-09,722,66.77,62.10
1215,12110,2,2015-12-09,140,650.89,605.33
1215,23110,2,2015-12-09,340,104.48,97.17
1215,92110,2,2015-12-09,1613,5.00,4.65
1215,95110,2,2015-12-09,1542,6.00,5.58
1201,3110,5,2015-12-10,785,23.80,22.85
1201,9110,5,2015-12-10,1671,13.22,12.43
1201,15110,5,2015-12-10,39,831.88,773.65
1201,21110,5,2015-12-10,390,40.65,39.02
1201,22110,5,2015-12-10,347,17.65,17.12
1201,26110,5,2015-12-10,218,370.86,344.90
1201,29110,5,2015-12-10,522,73.50,68.36
1201,31110,5,2015-12-10,775,16.29,15.64
1201,32110,5,2015-12-10,560,27.37,26.28
1201,40110,5,2015-12-10,961,27.81,26.70
1201,88110,5,2015-12-10,833,7.00,6.79
1201,89110,5,2015-12-10,1606,7.00,6.65
1201,101110,5,2015-12-10,88,630.25,586.13
1201,106110,5,2015-12-10,53,1161.46,1080.16
1201,108110,5,2015-12-10,35,910.82,847.06
1201,109110,5,2015-12-10,686,76.86,71.48
1201,110110,5,2015-12-10,210,98.75,91.84
1209,87110,2,2015-12-09,1507,6.01,5.59
1213,35110,2,2015-12-10,286,26.54,25.74
1213,99110,2,2015-12-10,346,5.23,5.23
1215,7110,2,2015-12-08,498,66.77,62.10
1215,12110,2,2015-12-08,112,650.89,605.33
1215,23110,2,2015-12-08,264,104.48,97.17
1215,92110,2,2015-12-08,1211,5.00,4.65
1215,95110,2,2015-12-08,1158,6.00,5.58
1218,3110,2,2015-12-17,869,23.80,22.85
1218,15110,2,2015-12-17,43,831.88,773.65
1218,40110,2,2015-12-17,1087,27.81,26.42
1218,110110,2,2015-12-17,229,98.75,91.84
1218,114110,2,2015-12-17,84,219.30,203.95
1213,3110,2,2015-12-10,852,23.80,22.85
1213,9110,2,2015-12-10,1814,13.22,12.43
1213,15110,2,2015-12-10,39,831.88,773.65
1213,21110,2,2015-12-10,391,40.65,39.02
1213,22110,2,2015-12-10,347,17.65,17.12
1213,26110,2,2015-12-10,229,370.86,344.90
1213,29110,2,2015-12-10,548,73.50,68.36
1213,31110,2,2015-12-10,824,16.29,15.64
1213,32110,2,2015-12-10,579,27.37,26.28
1213,40110,2,2015-12-10,995,27.81,26.70
1213,88110,2,2015-12-10,845,7.00,6.79
1213,89110,2,2015-12-10,1630,7.00,6.65
1201,102110,5,2015-12-09,107,928.53,863.53
1201,107110,5,2015-12-09,51,1359.72,1264.54
1201,113110,5,2015-12-09,845,12.81,12.30
1201,115110,5,2015-12-09,695,10.71,10.28
1405,68110,6,2015-12-09,85,61.84,57.51
1405,69110,6,2015-12-09,102,110.00,102.30
1405,70240,6,2015-12-09,97,122.70,114.11
1210,105110,2,2015-12-13,67,1271.08,1182.10
1210,107110,2,2015-12-13,41,1359.72,1264.54
1210,112110,2,2015-12-13,656,10.64,10.21
1210,113110,2,2015-12-13,628,12.81,12.30
1210,115110,2,2015-12-13,517,10.71,10.28
1205,68110,3,2015-12-09,64,61.84,58.13
1205,69110,3,2015-12-09,77,110.00,102.30
1205,70240,3,2015-12-09,73,122.70,114.11
1213,3110,2,2016-01-14,922,23.80,23.09
1213,40110,2,2016-01-14,1005,27.81,26.70
1213,113110,2,2016-01-14,46,12.81,0.00
1211,63130,2,2016-01-14,111,48.88,47.41
1211,63140,2,2016-01-14,144,48.88,47.41
1211,68110,2,2016-01-14,28,61.84,60.60
1211,69110,2,2016-01-14,41,110.00,103.40
1211,69120,2,2016-01-14,25,110.00,106.70
1211,70240,2,2016-01-14,97,122.70,115.34
1201,104110,5,2016-01-14,63,889.02,835.68
1201,105110,5,2016-01-14,96,1271.08,1194.82
1201,108110,5,2016-01-14,65,910.82,856.17
1201,109110,5,2016-01-14,783,76.86,72.25
1201,111110,5,2016-01-14,275,180.63,169.79
1201,115110,5,2016-01-14,831,10.71,10.39
1218,15110,2,2016-01-17,53,831.88,781.97
1218,21110,2,2016-01-17,411,40.65,39.43
1218,22110,2,2016-01-17,406,17.65,17.30
1218,32110,2,2016-01-17,585,27.37,26.28
1218,114110,2,2016-01-17,49,219.30,197.37
1201,9110,5,2016-01-10,4540,13.22,7.93
1201,15110,5,2016-01-10,52,831.88,781.97
1201,21110,5,2016-01-10,406,40.65,39.43
1201,22110,5,2016-01-10,400,17.65,17.30
1201,23110,5,2016-01-10,315,104.48,98.21
1201,25110,5,2016-01-10,315,285.89,268.74
1201,26110,5,2016-01-10,258,370.86,348.61
1201,32110,5,2016-01-10,528,27.37,26.55
1201,39110,5,2016-01-10,116,67.73,63.67
1201,64110,5,2016-01-10,109,41.61,40.36
1201,88110,5,2016-01-10,506,7.00,6.86
1201,89110,5,2016-01-10,994,7.00,6.86
1201,97110,5,2016-01-10,173,35.00,33.95
1201,103110,5,2016-01-10,67,532.75,500.79
1201,110110,5,2016-01-10,258,88.75,83.43
1204,8110,3,2016-01-17,277,151.77,142.66
1204,60110,3,2016-01-17,562,20.00,19.40
1204,61110,3,2016-01-17,827,40.00,37.60
1204,62110,3,2016-01-17,673,80.00,75.20
1204,85110,3,2016-01-17,124,359.60,338.02
1204,90110,3,2016-01-17,3759,7.00,6.58
1218,32110,2,2016-01-18,557,27.37,26.28
1218,88110,2,2016-01-18,497,7.00,7.00
1218,89110,2,2016-01-18,977,7.00,6.72
1218,97110,2,2016-01-18,164,35.00,33.95
1218,103110,2,2016-01-18,66,532.75,500.79
1218,110110,2,2016-01-18,251,88.75,83.43
1210,101110,2,2016-01-19,47,461.00,433.34
1210,104110,2,2016-01-19,30,889.02,835.68
1210,105110,2,2016-01-19,45,1271.08,1194.82
1210,108110,2,2016-01-19,31,910.82,856.17
1210,109110,2,2016-01-19,349,76.86,72.25
1210,111110,2,2016-01-19,122,180.63,169.79
1210,112110,2,2016-01-19,21,10.64,0.00
1210,113110,2,2016-01-19,21,12.81,0.00
1210,114110,2,2016-01-19,42,219.30,205.05
1210,115110,2,2016-01-19,390,10.71,10.50
1405,63130,6,2016-01-13,103,48.88,47.41
1405,63140,6,2016-01-13,132,48.88,47.41
1405,68190,6,2016-01-13,33,61.84,60.60
1405,68200,6,2016-01-13,99,61.84,58.13
1405,68230,6,2016-01-13,30,61.84,60.60
1405,68250,6,2016-01-13,45,61.84,59.98
1405,69110,6,2016-01-13,38,110.00,103.40
1405,70240,6,2016-01-13,89,122.70,115.34
1405,71110,6,2016-01-13,27,95.62,93.71
1405,72110,6,2016-01-13,16,148.30,145.33
1218,25110,2,2016-01-14,336,285.89,268.74
1218,26110,2,2016-01-14,275,370.86,348.61
1218,89110,2,2016-01-14,989,7.00,6.72
1218,97110,2,2016-01-14,174,35.00,33.95
1218,103110,2,2016-01-14,71,532.75,500.79
1218,110110,2,2016-01-14,283,88.75,83.43
1216,3110,2,2016-01-14,419,23.80,23.32
1216,15110,2,2016-01-14,23,831.88,790.29
1216,22110,2,2016-01-14,187,17.65,17.30
1216,25110,2,2016-01-14,147,285.89,268.74
1216,26110,2,2016-01-14,120,370.86,348.61
1216,31110,2,2016-01-14,331,16.29,15.96
1216,35110,2,2016-01-14,131,26.54,26.01
1216,88110,2,2016-01-14,215,7.00,7.00
1216,89110,2,2016-01-14,422,7.00,7.00
1216,97110,2,2016-01-14,82,35.00,34.30
1216,99110,2,2016-01-14,70,5.23,5.23
1216,110110,2,2016-01-14,115,88.75,83.43
1215,13110,2,2016-01-14,140,582.42,547.47
1215,83110,2,2016-01-14,77,96.44,90.65
1215,86110,2,2016-01-14,731,6.00,5.64
1215,93110,2,2016-01-14,794,5.00,4.70
1215,95110,2,2016-01-14,634,6.00,5.64
1215,96110,2,2016-01-14,88,23.00,22.54
1215,13110,2,2016-01-14,320,582.42,547.47
1215,83110,2,2016-01-14,164,96.44,90.65
1215,86110,2,2016-01-14,1691,6.00,5.64
1215,93110,2,2016-01-14,1823,5.00,4.70
1215,95110,2,2016-01-14,1456,6.00,5.64
1215,96110,2,2016-01-14,177,23.00,22.54
1204,61110,3,2016-01-19,827,40.00,37.60
1204,62110,3,2016-01-19,672,80.00,75.20
1204,75110,3,2016-01-19,282,119.69,112.51
1204,80110,3,2016-01-19,84,182.67,171.71
1204,90110,3,2016-01-19,3711,7.00,6.58
1205,63130,3,2016-01-17,51,48.88,47.90
1205,63140,3,2016-01-17,64,48.88,47.90
1205,68120,3,2016-01-17,8,61.84,61.84
1205,68200,3,2016-01-17,24,61.84,61.84
1205,68220,3,2016-01-17,24,61.84,61.84
1205,68230,3,2016-01-17,15,61.84,61.84
1205,68250,3,2016-01-17,40,61.84,60.60
1205,69110,3,2016-01-17,20,110.00,107.80
1205,69120,3,2016-01-17,11,110.00,110.00
1205,70240,3,2016-01-17,45,122.70,115.34
1205,71110,3,2016-01-17,13,95.62,95.62
1209,87110,2,2016-01-14,947,6.01,5.89
1215,13110,2,2016-01-10,324,582.42,547.47
1215,83110,2,2016-01-10,175,96.44,90.65
1215,86110,2,2016-01-10,1713,6.00,5.64
1215,93110,2,2016-01-10,1819,5.00,4.70
1215,95110,2,2016-01-10,1453,6.00,5.64
1215,96110,2,2016-01-10,188,23.00,22.54
1209,76110,5,2016-01-14,341,40.52,39.30
1218,3110,2,2016-02-08,941,23.80,22.61
1218,15110,2,2016-02-08,48,831.88,781.97
1218,22110,2,2016-02-08,659,17.65,12.36
1218,25110,2,2016-02-08,320,285.89,268.74
1218,37110,2,2016-02-08,54,52.15,51.11
1218,40110,2,2016-02-08,997,27.81,26.98
1218,103110,2,2016-02-08,67,532.75,500.79
1218,110110,2,2016-02-08,180,88.75,83.43
1215,11110,2,2016-02-08,503,370.13,347.92
1215,36110,2,2016-02-08,616,34.90,33.16
1215,73110,2,2016-02-08,3607,12.78,12.01
1209,76110,2,2016-02-11,309,40.52,39.30
1213,29110,2,2016-02-11,388,73.50,69.09
1213,35110,2,2016-02-11,263,26.54,26.01
1213,68230,2,2016-02-11,18,61.84,61.84
1213,23110,2,2016-02-14,547,104.48,98.21
1213,31110,2,2016-02-14,862,16.29,15.80
1213,32110,2,2016-02-14,611,27.37,26.55
1213,79110,2,2016-02-14,135,134.11,126.06
1213,88110,2,2016-02-14,449,7.00,7.00
1213,89110,2,2016-02-14,916,7.00,6.86
1213,97110,2,2016-02-14,165,35.00,33.95
1201,15110,5,2016-02-14,48,831.88,781.97
1201,32110,5,2016-02-14,568,27.37,26.55
1201,37110,5,2016-02-14,50,52.15,51.11
1201,88110,5,2016-02-14,465,7.00,7.00
1201,89110,5,2016-02-14,950,7.00,6.86
1201,97110,5,2016-02-14,169,35.00,33.95
1201,101110,5,2016-02-14,47,461.00,322.70
1201,106110,5,2016-02-14,47,696.00,696.00
1201,110110,5,2016-02-14,47,88.75,88.75
1213,25110,2,2016-02-11,311,285.89,268.74
1213,26110,2,2016-02-11,281,370.86,348.61
1213,28110,2,2016-02-11,814,33.59,32.58
1213,37110,2,2016-02-11,52,52.15,51.11
1213,39110,2,2016-02-11,130,67.73,63.67
1213,40110,2,2016-02-11,965,27.81,26.98
1405,63130,6,2016-02-11,97,48.88,47.90
1405,63140,6,2016-02-11,122,48.88,47.41
1405,68110,6,2016-02-11,29,61.84,60.60
1405,68190,6,2016-02-11,34,61.84,60.60
1405,68200,6,2016-02-11,48,61.84,59.98
1405,68230,6,2016-02-11,19,61.84,61.84
1405,68250,6,2016-02-11,39,61.84,60.60
1405,69110,6,2016-02-11,35,110.00,104.50
1405,70240,6,2016-02-11,85,122.70,115.34
1405,71110,6,2016-02-11,24,95.62,95.62
1405,72110,6,2016-02-11,15,148.30,145.33
1218,3110,2,2016-02-11,889,23.80,22.61
1218,15110,2,2016-02-11,48,831.88,781.97
1218,22110,2,2016-02-11,626,17.65,12.36
1218,32110,2,2016-02-11,591,27.37,26.55
1218,88110,2,2016-02-11,450,7.00,7.00
1218,89110,2,2016-02-11,919,7.00,6.86
1218,97110,2,2016-02-11,158,35.00,33.95
1218,103110,2,2016-02-11,64,532.75,500.79
1218,110110,2,2016-02-11,154,88.75,83.43
1216,3110,2,2016-02-07,421,23.80,23.32
1216,9110,2,2016-02-07,2377,13.22,7.93
1216,35110,2,2016-02-07,120,26.54,26.01
1216,89110,2,2016-02-07,414,7.00,7.00
1216,95110,2,2016-02-07,556,6.00,5.88
1216,97110,2,2016-02-07,82,35.00,34.30
1201,101110,5,2016-02-17,36,461.00,433.34
1201,102110,5,2016-02-17,76,928.53,872.82
1201,104110,5,2016-02-17,72,889.02,835.68
1201,106110,5,2016-02-17,36,696.00,654.24
1201,111110,5,2016-02-17,250,180.63,169.79
1201,113110,5,2016-02-17,977,12.81,12.43
1201,9110,3,2016-02-11,5061,13.22,7.93
1201,25110,3,2016-02-11,309,285.89,268.74
1201,26110,3,2016-02-11,279,370.86,348.61
1201,31110,3,2016-02-11,802,16.29,15.80
1201,103110,3,2016-02-11,66,532.75,500.79
1201,108110,3,2016-02-11,54,910.82,856.17
1201,109110,3,2016-02-11,770,76.86,72.25
1201,110110,3,2016-02-11,159,88.75,83.43
1201,112110,3,2016-02-11,960,10.64,10.32
1201,115110,3,2016-02-11,561,10.71,10.39
1204,19110,3,2016-02-15,332,265.14,249.23
1204,27110,3,2016-02-15,133,460.52,432.89
1204,50110,3,2016-02-15,4252,4.00,3.76
1204,51110,3,2016-02-15,313,70.00,65.80
1204,52110,3,2016-02-15,451,38.00,36.86
1204,53110,3,2016-02-15,232,39.99,38.79
1204,54110,3,2016-02-15,391,52.99,51.40
1204,60110,3,2016-02-15,521,20.00,19.40
1204,61110,3,2016-02-15,852,40.00,38.40
1204,62110,3,2016-02-15,563,80.00,75.20
1215,11110,2,2016-02-11,505,370.13,347.92
1215,36110,2,2016-02-11,596,34.90,33.16
1215,73110,2,2016-02-11,3315,12.78,12.01
1204,42110,3,2016-02-14,147,160.00,150.40
1204,43110,3,2016-02-14,80,190.00,178.60
1204,44110,3,2016-02-14,128,346.66,325.86
1204,45110,3,2016-02-14,62,574.98,540.48
1204,55110,3,2016-02-14,1482,8.00,7.76
1204,56110,3,2016-02-14,236,18.00,17.64
1205,63130,5,2016-02-08,50,48.88,47.90
1205,63140,5,2016-02-08,62,48.88,47.90
1205,68110,5,2016-02-08,15,61.84,61.84
1205,68190,5,2016-02-08,17,61.84,61.84
1205,68200,5,2016-02-08,24,61.84,61.84
1205,68220,5,2016-02-08,22,61.84,61.84
1205,68230,5,2016-02-08,9,61.84,61.84
1205,68250,5,2016-02-08,20,61.84,61.84
1205,69110,5,2016-02-08,37,110.00,103.40
1205,70240,5,2016-02-08,42,122.70,115.34
1205,71110,5,2016-02-08,12,95.62,95.62
1205,72110,5,2016-02-08,8,148.30,148.30
1210,101110,2,2016-02-15,25,461.00,322.70
1210,102110,2,2016-02-15,37,928.53,872.82
1210,104110,2,2016-02-15,35,889.02,835.68
1210,106110,2,2016-02-15,44,696.00,682.08
1210,110110,2,2016-02-15,112,88.75,86.09
1210,111110,2,2016-02-15,114,180.63,169.79
1210,113110,2,2016-02-15,471,12.81,12.55
1211,63130,2,2016-02-14,102,48.88,47.41
1211,63140,2,2016-02-14,129,48.88,47.41
1211,68110,2,2016-02-14,60,61.84,59.37
1211,69110,2,2016-02-14,76,110.00,103.40
1211,69120,2,2016-02-14,24,110.00,106.70
1215,11110,2,2016-02-08,229,370.13,347.92
1215,36110,2,2016-02-08,271,34.90,33.16
1215,73110,2,2016-02-08,1674,12.78,12.01
1213,25110,2,2016-03-11,301,285.89,268.74
1213,35110,2,2016-03-11,284,26.54,26.01
1213,64110,2,2016-03-11,97,41.61,29.13
1213,68110,2,2016-03-11,30,61.84,60.60
1213,68120,2,2016-03-11,16,61.84,61.84
1213,68250,2,2016-03-11,39,61.84,60.60
1213,69110,2,2016-03-11,81,110.00,103.40
1204,43110,3,2016-03-15,86,190.00,178.60
1204,44110,3,2016-03-15,123,346.66,325.86
1204,45110,3,2016-03-15,77,574.98,540.48
1204,75110,3,2016-03-15,287,119.69,112.51
1204,85110,3,2016-03-15,124,359.60,338.02
1215,6110,2,2016-03-11,440,129.72,121.94
1215,11110,2,2016-03-11,541,370.13,347.92
1215,31110,2,2016-03-11,865,16.29,15.31
1215,74110,2,2016-03-11,724,16.64,15.81
1215,83110,2,2016-03-11,148,96.44,90.65
1215,86110,2,2016-03-11,1504,6.00,5.64
1215,92110,2,2016-03-11,1371,5.00,4.70
1215,93110,2,2016-03-11,1768,5.00,4.70
1201,102110,5,2016-03-18,73,928.53,872.82
1201,103110,5,2016-03-18,63,532.75,500.79
1201,105110,5,2016-03-18,86,1271.08,1194.82
1201,107110,5,2016-03-18,52,1359.72,1278.14
1201,108110,5,2016-03-18,61,910.82,856.17
1201,112110,5,2016-03-18,880,10.64,10.32
1201,115110,5,2016-03-18,2521,10.71,5.36
1201,32110,3,2016-03-11,480,27.37,26.82
1201,88110,3,2016-03-11,509,7.00,6.86
1201,101110,3,2016-03-11,237,461.00,378.02
1201,106110,3,2016-03-11,188,696.00,675.12
1201,109110,3,2016-03-11,727,76.86,72.25
1201,110110,3,2016-03-11,139,88.75,88.75
1201,113110,3,2016-03-11,1011,12.81,12.30
1201,114110,3,2016-03-11,99,219.30,206.14
1211,63130,2,2016-03-14,105,48.88,47.41
1211,63140,2,2016-03-14,128,48.88,47.41
1211,69110,2,2016-03-14,37,110.00,103.40
1211,69120,2,2016-03-14,46,110.00,103.40
1211,70240,2,2016-03-14,71,122.70,115.34
1210,102110,2,2016-03-16,38,928.53,872.82
1210,103110,2,2016-03-16,32,532.75,500.79
1210,105110,2,2016-03-16,44,1271.08,1194.82
1210,107110,2,2016-03-16,27,1359.72,1278.14
1210,108110,2,2016-03-16,31,910.82,856.17
1210,112110,2,2016-03-16,450,10.64,10.43
1210,115110,2,2016-03-16,1247,10.71,5.36
1216,25110,2,2016-03-09,137,285.89,268.74
1216,35110,2,2016-03-09,123,26.54,26.01
1216,64110,2,2016-03-09,59,41.61,35.37
1216,88110,2,2016-03-09,236,7.00,7.00
1216,99110,2,2016-03-09,70,5.23,5.23
1216,110110,2,2016-03-09,72,88.75,88.75
1215,6110,2,2016-03-09,199,129.72,121.94
1215,11110,2,2016-03-09,235,370.13,347.92
1215,31110,2,2016-03-09,376,16.29,15.31
1215,74110,2,2016-03-09,350,16.64,15.81
1215,83110,2,2016-03-09,69,96.44,90.65
1215,86110,2,2016-03-09,648,6.00,5.64
1215,92110,2,2016-03-09,595,5.00,4.70
1215,93110,2,2016-03-09,767,5.00,4.70
1205,63130,5,2016-03-09,55,48.88,47.90
1205,63140,5,2016-03-09,68,48.88,47.90
1205,68110,5,2016-03-09,15,61.84,61.84
1205,68120,5,2016-03-09,16,61.84,61.84
1205,68200,5,2016-03-09,48,61.84,59.98
1205,68230,5,2016-03-09,19,61.84,61.84
1205,68250,5,2016-03-09,62,61.84,58.75
1205,69110,5,2016-03-09,39,110.00,103.40
1205,69120,5,2016-03-09,25,110.00,106.70
1205,70240,5,2016-03-09,40,122.70,115.34
1205,71110,5,2016-03-09,14,95.62,95.62
1205,72110,5,2016-03-09,7,148.30,148.30
1218,32110,2,2016-03-16,555,27.37,26.55
1218,37110,2,2016-03-16,52,52.15,51.11
1218,40110,2,2016-03-16,936,27.81,26.98
1218,88110,2,2016-03-16,547,7.00,6.79
1218,95110,2,2016-03-16,1478,6.00,5.82
1218,97110,2,2016-03-16,163,35.00,33.95
1218,110110,2,2016-03-16,147,88.75,88.75
1218,114110,2,2016-03-16,107,219.30,206.14
1201,64110,5,2016-03-11,88,41.61,29.13
1213,64110,2,2016-03-14,90,41.61,29.13
1204,58110,5,2016-03-15,218,79.98,75.18
1204,59110,5,2016-03-15,153,59.99,58.19
1204,60110,5,2016-03-15,431,20.00,19.60
1204,61110,5,2016-03-15,805,40.00,38.40
1204,67110,5,2016-03-15,23,294.38,282.60
1204,75110,5,2016-03-15,270,119.69,112.51
1405,63130,6,2016-03-11,104,48.88,47.41
1405,63140,6,2016-03-11,126,48.88,47.41
1405,68110,6,2016-03-11,57,61.84,59.37
1405,68120,6,2016-03-11,15,61.84,61.84
1405,68200,6,2016-03-11,46,61.84,59.98
1405,68220,6,2016-03-11,49,61.84,59.98
1405,68230,6,2016-03-11,16,61.84,61.84
1405,68240,6,2016-03-11,41,61.84,59.98
1405,68250,6,2016-03-11,76,61.84,58.13
1405,69110,6,2016-03-11,37,110.00,103.40
1405,69120,6,2016-03-11,22,110.00,106.70
1405,70240,6,2016-03-11,71,122.70,115.34
1405,71110,6,2016-03-11,27,95.62,93.71
1405,72110,6,2016-03-11,13,148.30,148.30
1215,6110,2,2016-03-07,402,129.72,121.94
1215,11110,2,2016-03-07,466,370.13,347.92
1215,31110,2,2016-03-07,773,16.29,15.31
1215,74110,2,2016-03-07,681,16.64,15.81
1215,83110,2,2016-03-07,134,96.44,90.65
1215,86110,2,2016-03-07,1296,6.00,5.64
1215,92110,2,2016-03-07,1164,5.00,4.70
1215,93110,2,2016-03-07,1501,5.00,4.70
1218,22110,2,2016-03-08,597,17.65,12.36
1218,88110,2,2016-03-08,471,7.00,6.79
1218,110110,2,2016-03-08,128,88.75,88.75
1215,8110,2,2016-04-13,206,151.77,142.66
1215,11110,2,2016-04-13,513,370.13,347.92
1215,92110,2,2016-04-13,1050,5.00,4.70
1215,96110,2,2016-04-13,164,23.00,22.54
1204,67110,3,2016-04-15,22,294.38,282.60
1216,3110,2,2016-04-19,791,23.80,16.66
1216,15110,2,2016-04-19,19,831.88,798.60
1216,21110,2,2016-04-19,195,40.65,39.43
1216,22110,2,2016-04-19,197,17.65,17.30
1216,26110,2,2016-04-19,109,370.86,348.61
1216,29110,2,2016-04-19,261,73.50,69.09
1216,31110,2,2016-04-19,339,16.29,15.96
1216,32110,2,2016-04-19,222,27.37,26.82
1216,37110,2,2016-04-19,24,52.15,52.15
1216,64110,2,2016-04-19,49,41.61,41.61
1216,88110,2,2016-04-19,210,7.00,7.00
1216,89110,2,2016-04-19,429,7.00,7.00
1216,93110,2,2016-04-19,668,5.00,4.90
1216,95110,2,2016-04-19,594,6.00,5.88
1216,97110,2,2016-04-19,67,35.00,34.30
1216,99110,2,2016-04-19,63,5.23,5.23
1216,110110,2,2016-04-19,111,88.75,83.43
1216,9110,2,2016-04-15,804,13.22,12.82
1216,35110,2,2016-04-15,124,26.54,26.01
1216,40110,2,2016-04-15,538,27.81,22.25
1205,63130,5,2016-04-21,54,48.88,47.90
1205,63140,5,2016-04-21,64,48.88,47.90
1205,68110,5,2016-04-21,13,61.84,61.84
1205,68230,5,2016-04-21,9,61.84,61.84
1205,68250,5,2016-04-21,36,61.84,60.60
1205,69110,5,2016-04-21,17,110.00,107.80
1205,69120,5,2016-04-21,10,110.00,110.00
1201,107110,5,2016-04-18,54,1359.72,1278.14
1201,108110,5,2016-04-18,62,910.82,856.17
1201,114110,5,2016-04-18,83,219.30,206.14
1213,9110,2,2016-04-15,1729,13.22,12.56
1213,35110,2,2016-04-15,276,26.54,26.01
1213,40110,2,2016-04-15,1205,27.81,22.25
1215,8110,2,2016-04-18,210,151.77,142.66
1215,11110,2,2016-04-18,555,370.13,347.92
1215,92110,2,2016-04-18,1153,5.00,4.70
1215,96110,2,2016-04-18,169,23.00,22.54
1210,101110,2,2016-04-18,45,461.00,433.34
1210,102110,2,2016-04-18,41,928.53,872.82
1210,105110,2,2016-04-18,38,1271.08,1194.82
1210,107110,2,2016-04-18,27,1359.72,1278.14
1210,108110,2,2016-04-18,31,910.82,856.17
1210,112110,2,2016-04-18,392,10.64,10.43
1210,114110,2,2016-04-18,42,219.30,206.14
1210,115110,2,2016-04-18,2087,10.71,5.36
1211,63130,2,2016-04-19,107,48.88,47.41
1211,63140,2,2016-04-19,125,48.88,47.41
1211,68110,2,2016-04-19,25,61.84,60.60
1211,69110,2,2016-04-19,33,110.00,104.50
1211,69120,2,2016-04-19,20,110.00,107.80
1405,63130,6,2016-04-18,102,48.88,47.41
1405,63140,6,2016-04-18,121,48.88,47.41
1405,68110,6,2016-04-18,24,61.84,61.84
1405,68230,6,2016-04-18,17,61.84,61.84
1405,68250,6,2016-04-18,34,61.84,60.60
1405,69110,6,2016-04-18,33,110.00,104.50
1405,69120,6,2016-04-18,39,110.00,103.40
1405,70240,6,2016-04-18,69,122.70,115.34
1201,3110,5,2016-04-19,1607,23.80,16.66
1201,15110,5,2016-04-19,40,831.88,781.97
1201,21110,5,2016-04-19,390,40.65,39.43
1201,22110,5,2016-04-19,394,17.65,17.30
1201,23110,5,2016-04-19,181,104.48,98.21
1201,26110,5,2016-04-19,218,370.86,348.61
1201,29110,5,2016-04-19,524,73.50,69.09
1201,31110,5,2016-04-19,686,16.29,15.80
1201,32110,5,2016-04-19,450,27.37,26.82
1201,37110,5,2016-04-19,48,52.15,52.15
1201,64110,5,2016-04-19,94,41.61,40.78
1201,88110,5,2016-04-19,462,7.00,7.00
1201,89110,5,2016-04-19,942,7.00,6.86
1201,97110,5,2016-04-19,132,35.00,33.95
1201,109110,5,2016-04-19,642,76.86,72.25
1201,110110,5,2016-04-19,233,88.75,83.43
1201,111110,5,2016-04-19,263,180.63,169.79
1213,3110,2,2016-04-18,1712,23.80,16.66
1213,15110,2,2016-04-18,42,831.88,781.97
1213,21110,2,2016-04-18,383,40.65,39.02
1213,22110,2,2016-04-18,387,17.65,17.12
1213,23110,2,2016-04-18,178,104.48,98.21
1213,26110,2,2016-04-18,233,370.86,348.61
1213,28110,2,2016-04-18,806,33.59,31.91
1213,29110,2,2016-04-18,559,73.50,69.09
1213,31110,2,2016-04-18,758,16.29,15.64
1213,32110,2,2016-04-18,497,27.37,26.55
1213,37110,2,2016-04-18,53,52.15,50.59
1213,63110,2,2016-04-18,146,48.88,47.41
1213,64110,2,2016-04-18,101,41.61,40.36
1213,68120,2,2016-04-18,33,61.84,58.75
1213,68200,2,2016-04-18,49,61.84,59.98
1213,68230,2,2016-04-18,21,61.84,59.37
1213,69110,2,2016-04-18,39,110.00,103.40
1213,70240,2,2016-04-18,73,122.70,115.34
1213,79110,2,2016-04-18,127,134.11,126.06
1213,88110,2,2016-04-18,475,7.00,6.86
1213,89110,2,2016-04-18,968,7.00,6.72
1213,97110,2,2016-04-18,131,35.00,33.95
1213,99110,2,2016-04-18,122,5.23,5.23
1213,3110,2,2016-04-20,1679,23.80,16.66
1213,15110,2,2016-04-20,39,831.88,781.97
1213,21110,2,2016-04-20,377,40.65,39.02
1213,22110,2,2016-04-20,382,17.65,17.12
1213,23110,2,2016-04-20,175,104.48,98.21
1213,26110,2,2016-04-20,222,370.86,348.61
1213,28110,2,2016-04-20,769,33.59,31.91
1213,29110,2,2016-04-20,534,73.50,69.09
1213,31110,2,2016-04-20,727,16.29,15.64
1213,32110,2,2016-04-20,476,27.37,26.55
1213,37110,2,2016-04-20,51,52.15,50.59
1213,63110,2,2016-04-20,140,48.88,47.41
1213,64110,2,2016-04-20,97,41.61,40.36
1213,68120,2,2016-04-20,33,61.84,58.75
1213,68230,2,2016-04-20,21,61.84,59.37
1213,69110,2,2016-04-20,39,110.00,103.40
1213,70240,2,2016-04-20,73,122.70,115.34
1213,79110,2,2016-04-20,122,134.11,126.06
1213,88110,2,2016-04-20,439,7.00,6.86
1213,89110,2,2016-04-20,894,7.00,6.72
1213,97110,2,2016-04-20,127,35.00,33.95
1213,99110,2,2016-04-20,119,5.23,5.23
1215,8110,2,2016-04-22,98,151.77,142.66
1215,11110,2,2016-04-22,248,370.13,347.92
1215,92110,2,2016-04-22,515,5.00,4.70
1215,96110,2,2016-04-22,86,23.00,22.54
1204,27110,5,2016-04-20,136,460.52,432.89
1204,39110,5,2016-04-20,120,67.73,63.67
1204,42110,5,2016-04-20,140,160.00,150.40
1204,43110,5,2016-04-20,76,190.00,178.60
1204,44110,5,2016-04-20,112,346.66,325.86
1204,45110,5,2016-04-20,61,574.98,540.48
1204,46110,5,2016-04-20,427,74.00,69.56
1204,48110,5,2016-04-20,341,110.00,103.40
1204,51110,5,2016-04-20,307,70.00,65.80
1204,52110,5,2016-04-20,435,38.00,36.86
1204,54110,5,2016-04-20,309,52.99,51.40
1204,55110,5,2016-04-20,1437,8.00,7.76
1204,56110,5,2016-04-20,228,18.00,17.64
1204,85110,5,2016-04-20,108,359.60,338.02
1213,68230,2,2016-04-18,18,61.84,59.37
1213,69110,2,2016-04-18,35,110.00,103.40
1201,101110,5,2016-05-20,88,461.00,433.34
1201,104110,5,2016-05-20,48,889.02,835.68
1201,107110,5,2016-05-20,51,1359.72,1278.14
1201,111110,5,2016-05-20,213,180.63,169.79
1201,112110,5,2016-05-20,709,10.64,10.32
1201,115110,5,2016-05-20,546,10.71,10.39
1405,63140,6,2016-05-16,114,48.88,47.41
1405,68110,6,2016-05-16,53,61.84,59.37
1405,68120,6,2016-05-16,15,61.84,61.84
1405,68190,6,2016-05-16,26,61.84,60.60
1405,68230,6,2016-05-16,21,61.84,61.84
1405,68240,6,2016-05-16,35,61.84,60.60
1405,69110,6,2016-05-16,64,110.00,103.40
1405,69120,6,2016-05-16,21,110.00,106.70
1204,5110,3,2016-05-18,293,54.93,0.00
1204,46110,3,2016-05-18,328,74.00,69.56
1204,5110,5,2016-05-18,274,54.93,0.00
1204,24110,5,2016-05-18,472,76.86,72.25
1216,3110,2,2016-05-18,304,23.80,23.32
1216,9110,2,2016-05-18,741,13.22,12.82
1216,31110,2,2016-05-18,276,16.29,15.96
1216,37110,2,2016-05-18,18,52.15,52.15
1216,88110,2,2016-05-18,192,7.00,7.00
1216,89110,2,2016-05-18,403,7.00,7.00
1216,93110,2,2016-05-18,619,5.00,4.90
1216,110110,2,2016-05-18,110,88.75,83.43
1204,19110,2,2016-05-16,270,265.14,249.23
1204,20110,2,2016-05-16,324,127.27,119.63
1204,24110,2,2016-05-16,450,76.86,72.25
1204,34110,2,2016-05-16,162,51.24,49.70
1204,42110,2,2016-05-16,124,160.00,150.40
1204,43110,2,2016-05-16,61,190.00,178.60
1204,44110,2,2016-05-16,106,346.66,325.86
1204,53110,2,2016-05-16,322,39.99,27.99
1204,54110,2,2016-05-16,276,52.99,51.40
1204,55110,2,2016-05-16,1254,8.00,7.76
1204,56110,2,2016-05-16,214,18.00,17.64
1204,85110,2,2016-05-16,108,359.60,338.02
1204,90110,2,2016-05-16,2923,7.00,6.58
1213,9110,2,2016-05-18,1619,13.22,12.56
1213,21110,2,2016-05-18,321,40.65,39.02
1213,22110,2,2016-05-18,340,17.65,17.12
1213,31110,2,2016-05-18,627,16.29,15.64
1213,68200,2,2016-05-18,43,61.84,59.98
1213,68230,2,2016-05-18,23,61.84,59.98
1213,68250,2,2016-05-18,64,61.84,58.75
1213,69110,2,2016-05-18,64,110.00,103.40
1213,69120,2,2016-05-18,21,110.00,106.70
1213,88110,2,2016-05-18,441,7.00,6.86
1213,97110,2,2016-05-18,138,35.00,33.95
1213,113110,2,2016-05-18,814,12.81,12.17
1213,35110,2,2016-05-16,236,26.54,26.01
1213,68110,2,2016-05-16,27,61.84,60.60
1213,68230,2,2016-05-16,21,61.84,59.98
1213,89110,2,2016-05-16,924,7.00,6.86
1215,13110,2,2016-05-16,276,582.42,547.47
1215,23110,2,2016-05-16,343,104.48,98.21
1215,30110,2,2016-05-16,523,14.77,14.18
1215,36110,2,2016-05-16,1068,34.90,23.28
1215,81110,2,2016-05-16,112,85.56,80.43
1215,98110,2,2016-05-16,92,6.00,6.00
1201,25110,3,2016-05-16,240,285.89,268.74
1201,37110,3,2016-05-16,38,52.15,52.15
1201,40110,3,2016-05-16,1013,27.81,22.25
1201,97110,3,2016-05-16,146,35.00,33.95
1201,110110,3,2016-05-16,244,88.75,83.43
1213,21110,2,2016-05-17,347,40.65,39.02
1213,22110,2,2016-05-17,369,17.65,17.12
1213,26110,2,2016-05-17,237,370.86,348.61
1213,28110,2,2016-05-17,785,33.59,32.58
1213,29110,2,2016-05-17,449,73.50,69.09
1213,31110,2,2016-05-17,661,16.29,15.64
1213,39110,2,2016-05-17,115,67.73,63.67
1213,40110,2,2016-05-17,1125,27.81,22.25
1213,63110,2,2016-05-17,129,48.88,47.41
1213,88110,2,2016-05-17,448,7.00,6.86
1213,97110,2,2016-05-17,147,35.00,33.95
1213,113110,2,2016-05-17,879,12.81,12.17
1215,13110,2,2016-05-18,121,582.42,547.47
1215,23110,2,2016-05-18,172,104.48,98.21
1215,30110,2,2016-05-18,230,14.77,14.18
1215,36110,2,2016-05-18,471,34.90,23.28
1215,81110,2,2016-05-18,53,85.56,80.43
1215,98110,2,2016-05-18,46,6.00,6.00
1205,63140,5,2016-05-18,57,48.88,47.90
1205,68110,5,2016-05-18,26,61.84,60.60
1205,68120,5,2016-05-18,7,61.84,61.84
1205,68190,5,2016-05-18,13,61.84,61.84
1205,68200,5,2016-05-18,22,61.84,61.84
1205,68230,5,2016-05-18,21,61.84,61.84
1205,68240,5,2016-05-18,17,61.84,61.84
1205,68250,5,2016-05-18,32,61.84,60.60
1205,69110,5,2016-05-18,30,110.00,105.60
1205,69120,5,2016-05-18,19,110.00,107.80
1205,71110,5,2016-05-18,12,95.62,95.62
1205,72110,5,2016-05-18,5,148.30,148.30
1211,63140,2,2016-05-17,125,48.88,47.41
1211,68110,2,2016-05-17,58,61.84,59.37
1211,69110,2,2016-05-17,37,110.00,103.40
1211,69120,2,2016-05-17,23,110.00,106.70
1211,70240,2,2016-05-17,72,122.70,115.34
1210,101110,2,2016-05-19,42,461.00,433.34
1210,104110,2,2016-05-19,23,889.02,844.57
1210,107110,2,2016-05-19,24,1359.72,1291.73
1210,111110,2,2016-05-19,96,180.63,169.79
1210,112110,2,2016-05-19,336,10.64,10.43
1210,115110,2,2016-05-19,259,10.71,10.50
1215,13110,2,2016-05-10,280,582.42,547.47
1215,23110,2,2016-05-10,371,104.48,98.21
1215,30110,2,2016-05-10,551,14.77,14.18
1215,36110,2,2016-05-10,1107,34.90,23.28
1215,81110,2,2016-05-10,119,85.56,80.43
1215,98110,2,2016-05-10,98,6.00,6.00
1195,42110,2,2016-05-10,130,160.00,150.40
1195,43110,2,2016-05-10,64,190.00,178.60
1195,44110,2,2016-05-10,110,346.66,325.86
1195,45110,2,2016-05-10,67,574.98,540.48
1195,46110,2,2016-05-10,351,74.00,69.56
1195,47110,2,2016-05-10,243,65.00,61.10
1195,48110,2,2016-05-10,388,110.00,103.40
1195,49110,2,2016-05-10,340,33.00,23.10
1195,50110,2,2016-05-10,3893,4.00,3.76
1195,51110,2,2016-05-10,269,70.00,65.80
1195,52110,2,2016-05-10,463,38.00,36.86
1195,53110,2,2016-05-10,347,39.99,27.99
1195,54110,2,2016-05-10,297,52.99,51.40
1195,55110,2,2016-05-10,1351,8.00,7.76
1195,56110,2,2016-05-10,231,18.00,17.64
1195,57110,2,2016-05-10,323,80.00,75.20
1195,58110,2,2016-05-10,218,79.98,75.18
1195,59110,2,2016-05-10,137,59.99,58.19
1195,60110,2,2016-05-10,500,20.00,19.40
1195,61110,2,2016-05-10,690,40.00,38.00
1195,62110,2,2016-05-10,513,80.00,75.20
1195,90110,2,2016-05-10,2970,7.00,6.58
1195,45110,2,2016-06-08,51,574.98,540.48
1195,46110,2,2016-06-08,373,74.00,69.56
1195,67110,2,2016-06-08,20,294.38,285.55
1218,21110,5,2016-06-08,334,40.65,39.43
1218,32110,5,2016-06-08,337,27.37,26.82
1218,89110,5,2016-06-08,731,7.00,6.72
1218,97110,5,2016-06-08,122,35.00,33.95
1215,30110,2,2016-06-08,466,14.77,14.33
1215,38110,2,2016-06-08,268,31.55,30.60
1215,73110,2,2016-06-08,3007,12.78,12.01
1215,86110,2,2016-06-08,1301,6.00,5.64
1215,92110,2,2016-06-08,865,5.00,4.80
1215,96110,2,2016-06-08,142,23.00,22.54
1215,98110,2,2016-06-08,85,6.00,6.00
1213,26110,2,2016-06-14,212,370.86,348.61
1213,32110,2,2016-06-14,34,27.37,27.37
1213,68120,2,2016-06-14,14,61.84,61.84
1213,68230,2,2016-06-14,19,61.84,61.84
1213,70240,2,2016-06-14,63,122.70,115.34
1204,48110,2,2016-06-14,310,110.00,103.40
1204,49110,2,2016-06-14,400,33.00,23.10
1204,57110,2,2016-06-14,273,80.00,75.20
1204,58110,2,2016-06-14,197,79.98,75.18
1204,59110,2,2016-06-14,148,59.99,58.19
1204,60110,2,2016-06-14,401,20.00,19.60
1204,61110,2,2016-06-14,749,40.00,38.40
1204,62110,2,2016-06-14,508,80.00,75.20
1204,67110,2,2016-06-14,20,294.38,285.55
1204,76110,2,2016-06-14,229,40.52,39.30
1204,80110,2,2016-06-14,73,182.67,171.71
1204,85110,2,2016-06-14,106,359.60,338.02
1216,25110,2,2016-06-15,114,285.89,268.74
1216,26110,2,2016-06-15,97,370.86,348.61
1216,29110,2,2016-06-15,215,73.50,69.09
1216,32110,2,2016-06-15,29,27.37,27.37
1216,37110,2,2016-06-15,19,52.15,52.15
1216,88110,2,2016-06-15,165,7.00,7.00
1216,93110,2,2016-06-15,564,5.00,4.90
1216,95110,2,2016-06-15,581,6.00,5.88
1216,97110,2,2016-06-15,63,35.00,34.30
1211,63130,2,2016-06-15,94,48.88,47.90
1211,63140,2,2016-06-15,91,48.88,47.90
1211,68110,2,2016-06-15,47,61.84,59.98
1211,69110,2,2016-06-15,30,110.00,105.60
1211,69120,2,2016-06-15,36,110.00,103.40
1211,70240,2,2016-06-15,63,122.70,115.34
1405,63130,5,2016-06-13,92,48.88,47.90
1405,63140,5,2016-06-13,89,48.88,47.90
1405,68110,5,2016-06-13,47,61.84,59.98
1405,68120,5,2016-06-13,38,61.84,60.60
1405,68190,5,2016-06-13,25,61.84,60.60
1405,68200,5,2016-06-13,83,61.84,58.13
1405,68220,5,2016-06-13,42,61.84,59.98
1405,68230,5,2016-06-13,41,61.84,59.98
1405,68240,5,2016-06-13,35,61.84,60.60
1405,68250,5,2016-06-13,32,61.84,60.60
1405,69110,5,2016-06-13,30,110.00,105.60
1405,69120,5,2016-06-13,17,110.00,107.80
1405,70240,5,2016-06-13,63,122.70,115.34
1405,71110,5,2016-06-13,23,95.62,95.62
1405,72110,5,2016-06-13,9,148.30,148.30
1213,32110,2,2016-06-15,32,27.37,27.37
1210,102110,2,2016-06-14,35,928.53,872.82
1210,103110,2,2016-06-14,27,532.75,506.11
1210,104110,2,2016-06-14,24,889.02,844.57
1210,105110,2,2016-06-14,37,1271.08,1194.82
1210,106110,2,2016-06-14,38,696.00,654.24
1210,108110,2,2016-06-14,18,910.82,874.39
1210,109110,2,2016-06-14,300,76.86,72.25
1210,110110,2,2016-06-14,98,88.75,83.43
1210,111110,2,2016-06-14,86,180.63,169.79
1210,113110,2,2016-06-14,351,12.81,12.55
1210,115110,2,2016-06-14,342,10.71,10.50
1215,30110,2,2016-06-14,484,14.77,14.33
1215,38110,2,2016-06-14,278,31.55,30.60
1215,73110,2,2016-06-14,2963,12.78,12.01
1215,86110,2,2016-06-14,1401,6.00,5.64
1215,92110,2,2016-06-14,945,5.00,4.80
1215,96110,2,2016-06-14,146,23.00,22.54
1215,98110,2,2016-06-14,87,6.00,6.00
1201,3110,3,2016-06-14,618,23.80,23.09
1201,15110,3,2016-06-14,37,831.88,781.97
1201,21110,3,2016-06-14,350,40.65,39.43
1201,23110,3,2016-06-14,255,104.48,98.21
1201,25110,3,2016-06-14,238,285.89,268.74
1201,29110,3,2016-06-14,449,73.50,69.09
1201,32110,3,2016-06-14,449,27.37,26.82
1201,37110,3,2016-06-14,40,52.15,52.15
1201,40110,3,2016-06-14,624,27.81,26.98
1201,88110,3,2016-06-14,378,7.00,7.00
1201,89110,3,2016-06-14,780,7.00,6.86
1201,97110,3,2016-06-14,129,35.00,33.95
1201,101110,3,2016-06-14,78,461.00,433.34
1201,106110,3,2016-06-14,79,696.00,654.24
1201,108110,3,2016-06-14,38,910.82,856.17
1204,8110,5,2016-06-16,32,151.77,151.77
1204,90110,5,2016-06-16,2693,7.00,6.58
1201,32110,5,2016-06-14,90,27.37,27.37
1215,6110,2,2016-06-15,28,129.72,0.00
1215,8110,2,2016-06-15,28,151.77,151.77
1215,12110,2,2016-06-15,28,650.89,650.89
1215,13110,2,2016-06-15,116,582.42,547.47
1215,23110,2,2016-06-15,122,104.48,98.21
1204,8110,5,2016-06-15,34,151.77,151.77
1218,3110,5,2016-06-14,648,23.80,23.09
1218,37110,5,2016-06-14,44,52.15,52.15
1218,88110,5,2016-06-14,382,7.00,7.00
1218,89110,5,2016-06-14,787,7.00,6.72
1201,102110,5,2016-06-16,71,928.53,872.82
1201,104110,5,2016-06-16,48,889.02,835.68
1201,105110,5,2016-06-16,76,1271.08,1194.82
1201,109110,5,2016-06-16,654,76.86,72.25
1201,111110,5,2016-06-16,188,180.63,169.79
1201,113110,5,2016-06-16,727,12.81,12.43
1205,63130,5,2016-06-16,46,48.88,48.88
1205,63140,5,2016-06-16,44,48.88,48.88
1205,68110,5,2016-06-16,23,61.84,61.84
1205,68120,5,2016-06-16,6,61.84,61.84
1205,68190,5,2016-06-16,13,61.84,61.84
1205,68200,5,2016-06-16,40,61.84,60.60
1205,68220,5,2016-06-16,22,61.84,61.84
1205,68230,5,2016-06-16,31,61.84,60.60
1205,68240,5,2016-06-16,18,61.84,61.84
1205,68250,5,2016-06-16,50,61.84,59.98
1205,69120,5,2016-06-16,9,110.00,110.00
1205,70240,5,2016-06-16,31,122.70,116.57
1205,72110,5,2016-06-16,4,148.30,148.30
1204,5110,2,2016-07-19,615,54.93,52.73
1204,8110,2,2016-07-19,205,151.77,142.66
1204,67110,2,2016-07-19,19,294.38,285.55
1204,75110,2,2016-07-19,208,119.69,112.51
1204,85110,2,2016-07-19,93,359.60,338.02
1204,90110,2,2016-07-19,2871,7.00,6.58
1213,15110,2,2016-07-19,10,831.88,831.88
1213,23110,2,2016-07-19,10,104.48,0.00
1213,25110,2,2016-07-19,231,285.89,268.74
1213,37110,2,2016-07-19,10,52.15,52.15
1213,64110,2,2016-07-19,88,41.61,40.78
1213,68110,2,2016-07-19,24,61.84,61.84
1213,68120,2,2016-07-19,12,61.84,61.84
1213,68230,2,2016-07-19,28,61.84,60.60
1213,68250,2,2016-07-19,65,61.84,58.75
1213,69110,2,2016-07-19,31,110.00,104.50
1213,69120,2,2016-07-19,19,110.00,107.80
1210,102110,2,2016-07-20,35,928.53,872.82
1210,103110,2,2016-07-20,25,532.75,511.44
1210,104110,2,2016-07-20,24,889.02,844.57
1210,105110,2,2016-07-20,38,1271.08,1194.82
1210,106110,2,2016-07-20,43,696.00,654.24
1210,107110,2,2016-07-20,25,1359.72,1291.73
1210,108110,2,2016-07-20,17,910.82,874.39
1210,110110,2,2016-07-20,105,88.75,83.43
1210,111110,2,2016-07-20,100,180.63,169.79
1210,112110,2,2016-07-20,402,10.64,10.43
1210,113110,2,2016-07-20,401,12.81,12.55
1210,114110,2,2016-07-20,40,219.30,206.14
1210,115110,2,2016-07-20,244,10.71,10.50
1216,15110,2,2016-07-21,11,831.88,823.56
1216,22110,2,2016-07-21,167,17.65,17.30
1216,26110,2,2016-07-21,140,370.86,333.77
1216,29110,2,2016-07-21,216,73.50,69.09
1216,37110,2,2016-07-21,6,52.15,52.15
1216,40110,2,2016-07-21,338,27.81,27.25
1216,89110,2,2016-07-21,356,7.00,7.00
1216,93110,2,2016-07-21,590,5.00,4.90
1216,97110,2,2016-07-21,65,35.00,34.30
1216,99110,2,2016-07-21,56,5.23,5.23
1201,102110,5,2016-07-20,68,928.53,872.82
1201,103110,5,2016-07-20,49,532.75,500.79
1201,104110,5,2016-07-20,47,889.02,835.68
1201,105110,5,2016-07-20,75,1271.08,1194.82
1201,106110,5,2016-07-20,85,696.00,654.24
1201,112110,5,2016-07-20,788,10.64,10.32
1218,15110,5,2016-07-19,12,831.88,790.29
1218,89110,5,2016-07-19,778,7.00,6.79
1218,97110,5,2016-07-19,124,35.00,33.95
1204,37110,5,2016-07-21,10,52.15,52.15
1204,37110,5,2016-07-21,9,52.15,52.15
1201,15110,5,2016-07-19,44,831.88,831.88
1201,23110,5,2016-07-19,44,104.48,0.00
1201,37110,5,2016-07-19,44,52.15,52.15
1215,6110,2,2016-07-19,199,129.72,0.00
1215,7110,2,2016-07-19,588,66.77,62.76
1215,8110,2,2016-07-19,199,151.77,151.77
1215,12110,2,2016-07-19,253,650.89,631.37
1215,13110,2,2016-07-19,266,582.42,547.47
1215,74110,2,2016-07-19,544,16.64,15.97
1215,81110,2,2016-07-19,101,85.56,80.43
1201,9110,3,2016-07-11,1457,13.22,12.69
1201,15110,3,2016-07-11,17,831.88,798.60
1201,22110,3,2016-07-11,329,17.65,17.30
1201,23110,3,2016-07-11,557,104.48,98.21
1201,26110,3,2016-07-11,278,370.86,333.77
1201,29110,3,2016-07-11,427,73.50,69.09
1201,31110,3,2016-07-11,579,16.29,15.80
1201,32110,3,2016-07-11,396,27.37,26.82
1201,37110,3,2016-07-11,32,52.15,52.15
1201,64110,3,2016-07-11,84,41.61,40.78
1201,88110,3,2016-07-11,372,7.00,7.00
1201,89110,3,2016-07-11,770,7.00,6.86
1201,97110,3,2016-07-11,127,35.00,33.95
1201,108110,3,2016-07-11,34,910.82,856.17
1211,63130,2,2016-07-20,86,48.88,47.90
1211,63140,2,2016-07-20,105,48.88,47.41
1211,68110,2,2016-07-20,24,61.84,61.84
1211,69110,2,2016-07-20,28,110.00,105.60
1211,69120,2,2016-07-20,19,110.00,107.80
1211,70240,2,2016-07-20,68,122.70,115.34
1205,63130,5,2016-07-21,45,48.88,48.88
1205,63140,5,2016-07-21,55,48.88,47.90
1205,68110,5,2016-07-21,13,61.84,61.84
1205,68120,5,2016-07-21,13,61.84,61.84
1205,68200,5,2016-07-21,22,61.84,61.84
1205,68230,5,2016-07-21,24,61.84,61.84
1205,68240,5,2016-07-21,19,61.84,61.84
1205,68250,5,2016-07-21,34,61.84,60.60
1205,69110,5,2016-07-21,16,110.00,107.80
1205,69120,5,2016-07-21,10,110.00,110.00
1205,71110,5,2016-07-21,12,95.62,95.62
1205,72110,5,2016-07-21,4,148.30,148.30
1215,6110,3,2016-07-21,91,129.72,0.00
1215,7110,3,2016-07-21,283,66.77,62.76
1215,8110,3,2016-07-21,91,151.77,151.77
1215,12110,3,2016-07-21,116,650.89,631.37
1215,13110,3,2016-07-21,123,582.42,547.47
1215,74110,3,2016-07-21,279,16.64,15.97
1215,81110,3,2016-07-21,50,85.56,80.43
1405,63130,5,2016-07-19,84,48.88,47.90
1405,63140,5,2016-07-19,103,48.88,47.41
1405,68110,5,2016-07-19,24,61.84,61.84
1405,68200,5,2016-07-19,82,61.84,58.13
1405,68220,5,2016-07-19,42,61.84,59.98
1405,68230,5,2016-07-19,19,61.84,61.84
1405,68240,5,2016-07-19,35,61.84,60.60
1405,68250,5,2016-07-19,34,61.84,60.60
1405,69110,5,2016-07-19,59,110.00,103.40
1405,69120,5,2016-07-19,19,110.00,107.80
1405,71110,5,2016-07-19,23,95.62,95.62
1405,72110,5,2016-07-19,8,148.30,148.30
1213,15110,2,2016-07-20,10,831.88,831.88
1213,23110,2,2016-07-20,10,104.48,0.00
1213,37110,2,2016-07-20,10,52.15,52.15
1209,76110,2,2016-07-13,263,40.52,39.30
1215,6110,2,2016-07-13,186,129.72,0.00
1215,7110,2,2016-07-13,578,66.77,62.76
1215,8110,2,2016-07-13,186,151.77,151.77
1215,12110,2,2016-07-13,235,650.89,631.37
1215,13110,2,2016-07-13,246,582.42,547.47
1215,74110,2,2016-07-13,549,16.64,15.97
1215,81110,2,2016-07-13,97,85.56,80.43
1218,15110,5,2016-07-13,11,831.88,790.29
1218,26110,5,2016-07-13,280,370.86,333.77
1218,88110,5,2016-07-13,347,7.00,7.00
1218,89110,5,2016-07-13,719,7.00,6.79
1195,19110,2,2016-07-13,276,265.14,249.23
1195,42110,2,2016-07-13,104,160.00,150.40
1195,43110,2,2016-07-13,68,190.00,178.60
1195,44110,2,2016-07-13,100,346.66,325.86
1195,45110,2,2016-07-13,54,574.98,540.48
1195,46110,2,2016-07-13,274,74.00,69.56
1195,47110,2,2016-07-13,255,65.00,61.10
1195,48110,2,2016-07-13,332,110.00,103.40
1195,49110,2,2016-07-13,110,33.00,32.34
1195,50110,2,2016-07-13,3125,4.00,3.76
1195,51110,2,2016-07-13,257,70.00,65.80
1195,52110,2,2016-07-13,359,38.00,36.86
1195,53110,2,2016-07-13,210,39.99,38.79
1195,54110,2,2016-07-13,279,52.99,51.40
1195,55110,2,2016-07-13,1195,8.00,7.76
1195,56110,2,2016-07-13,200,18.00,17.64
1195,57110,2,2016-07-13,259,80.00,75.20
1195,58110,2,2016-07-13,174,79.98,75.18
1195,59110,2,2016-07-13,137,59.99,58.19
1195,60110,2,2016-07-13,425,20.00,19.60
1195,61110,2,2016-07-13,601,40.00,38.40
1195,62110,2,2016-07-13,472,80.00,75.20
1195,67110,2,2016-07-13,18,294.38,279.66
1195,90110,2,2016-07-13,2653,7.00,6.58
1215,11110,2,2016-08-11,487,370.13,347.92
1215,36110,2,2016-08-11,507,34.90,33.16
1213,68110,2,2016-08-17,30,61.84,60.60
1213,21110,2,2016-08-18,1003,40.65,24.39
1213,22110,2,2016-08-18,365,17.65,17.12
1213,23110,2,2016-08-18,384,104.48,98.21
1213,25110,2,2016-08-18,231,285.89,268.74
1213,28110,2,2016-08-18,725,33.59,31.91
1213,29110,2,2016-08-18,508,73.50,69.09
1213,31110,2,2016-08-18,676,16.29,15.64
1213,35110,2,2016-08-18,225,26.54,26.01
1213,37110,2,2016-08-18,40,52.15,51.11
1213,39110,2,2016-08-18,98,67.73,63.67
1213,40110,2,2016-08-18,756,27.81,26.42
1213,63110,2,2016-08-18,114,48.88,47.41
1213,64110,2,2016-08-18,78,41.61,40.36
1213,68120,2,2016-08-18,30,61.84,58.75
1213,68200,2,2016-08-18,46,61.84,58.13
1213,68230,2,2016-08-18,27,61.84,59.37
1213,69110,2,2016-08-18,34,110.00,103.40
1213,79110,2,2016-08-18,110,134.11,126.06
1213,88110,2,2016-08-18,420,7.00,6.86
1213,89110,2,2016-08-18,840,7.00,6.72
1213,97110,2,2016-08-18,129,35.00,33.95
1213,113110,2,2016-08-18,828,12.81,12.17
1204,42110,5,2016-08-18,131,160.00,150.40
1204,43110,5,2016-08-18,65,190.00,178.60
1204,44110,5,2016-08-18,108,346.66,325.86
